<?xml version="1.0" encoding="ISO-8859-1"?>
<?xml-stylesheet href="file:///C|/Users/Acer/Desktop/Zombies VS Humans V1.1/pawno/xml/pawndoc.xsl" type="text/xsl"?>
<doc source="1.1.pwn">
	<assembly>
		<name>1.1.pwn</name>
	</assembly>
	<members>

		<!-- enumerations -->

		<!-- constants -->
		<member name="C:cellmax" value="2147483647">
			<referrer name="operator!(Float:)"/>
		</member>
		<member name="C:cellmin" value="-2147483648">
			<referrer name="operator-(Float:)"/>
		</member>
		<member name="C:false" value="0">
			<tagname value="bool"/>
			<referrer name="OnPlayerCommandText"/>
		</member>
		<member name="C:true" value="1">
			<tagname value="bool"/>
			<referrer name="OnFilterScriptInit"/>
			<referrer name="OnPlayerCommandText"/>
		</member>

		<!-- variables -->
		<member name="F:Engine">
			<referrer name="timer_update"/>
			<referrer name="timer_refuel"/>
		</member>
		<member name="F:fuel">
			<referrer name="OnFilterScriptInit"/>
			<referrer name="timer_update"/>
			<referrer name="timer_refuel"/>
		</member>
		<member name="F:isrefuelling">
			<referrer name="OnPlayerCommandText"/>
			<referrer name="timer_update"/>
			<referrer name="timer_refuel"/>
		</member>
		<member name="F:max_vhealth">
			<tagname value="Float"/>
			<referrer name="OnFilterScriptInit"/>
			<referrer name="timer_update"/>
		</member>
		<member name="F:td_box">
			<tagname value="Text"/>
			<referrer name="OnFilterScriptInit"/>
			<referrer name="OnFilterScriptExit"/>
			<referrer name="OnPlayerStateChange"/>
		</member>
		<member name="F:td_fuel">
			<tagname value="Text"/>
			<referrer name="OnFilterScriptInit"/>
			<referrer name="OnFilterScriptExit"/>
			<referrer name="OnPlayerStateChange"/>
			<referrer name="OnPlayerCommandText"/>
			<referrer name="timer_update"/>
			<referrer name="timer_refuel"/>
		</member>
		<member name="F:td_vhealth">
			<tagname value="Text"/>
			<referrer name="OnFilterScriptInit"/>
			<referrer name="OnFilterScriptExit"/>
			<referrer name="OnPlayerStateChange"/>
			<referrer name="timer_update"/>
		</member>
		<member name="F:td_vspeed">
			<tagname value="Text"/>
			<referrer name="OnFilterScriptInit"/>
			<referrer name="OnFilterScriptExit"/>
			<referrer name="OnPlayerStateChange"/>
			<referrer name="timer_update"/>
		</member>

		<!-- functions -->
		<member name="M:operator!(Float:)" syntax="operator!(Float:)(oper)">
			<tagname value="bool"/>
			<stacksize value="1"/>
			<dependency name="cellmax"/>
			<param name="oper">
				<paraminfo>Float </paraminfo>
			</param>
		</member>
		<member name="M:operator%(_:,Float:)" syntax="operator%(_:,Float:)(oper1, oper2)">
			<stacksize value="1"/>
			<param name="oper1">
			</param>
			<param name="oper2">
				<paraminfo>Float </paraminfo>
			</param>
		</member>
		<member name="M:operator%(Float:,_:)" syntax="operator%(Float:,_:)(oper1, oper2)">
			<stacksize value="1"/>
			<param name="oper1">
				<paraminfo>Float </paraminfo>
			</param>
			<param name="oper2">
			</param>
		</member>
		<member name="M:operator%(Float:,Float:)" syntax="operator%(Float:,Float:)(oper1, oper2)">
			<stacksize value="1"/>
			<param name="oper1">
				<paraminfo>Float </paraminfo>
			</param>
			<param name="oper2">
				<paraminfo>Float </paraminfo>
			</param>
		</member>
		<member name="M:operator!=(Float:,_:)" syntax="operator!=(Float:,_:)(oper1, oper2)">
			<tagname value="bool"/>
			<stacksize value="4"/>
			<dependency name="float"/>
			<dependency name="floatcmp"/>
			<param name="oper1">
				<paraminfo>Float </paraminfo>
			</param>
			<param name="oper2">
			</param>
		</member>
		<member name="M:operator!=(Float:,Float:)" syntax="operator!=(Float:,Float:)(oper1, oper2)">
			<tagname value="bool"/>
			<stacksize value="4"/>
			<dependency name="floatcmp"/>
			<param name="oper1">
				<paraminfo>Float </paraminfo>
			</param>
			<param name="oper2">
				<paraminfo>Float </paraminfo>
			</param>
		</member>
		<member name="M:operator-(_:,Float:)" syntax="operator-(_:,Float:)(oper1, oper2)">
			<tagname value="Float"/>
			<stacksize value="4"/>
			<dependency name="float"/>
			<dependency name="floatsub"/>
			<param name="oper1">
			</param>
			<param name="oper2">
				<paraminfo>Float </paraminfo>
			</param>
		</member>
		<member name="M:operator-(Float:,_:)" syntax="operator-(Float:,_:)(oper1, oper2)">
			<tagname value="Float"/>
			<stacksize value="4"/>
			<dependency name="float"/>
			<dependency name="floatsub"/>
			<param name="oper1">
				<paraminfo>Float </paraminfo>
			</param>
			<param name="oper2">
			</param>
		</member>
		<member name="M:operator+(Float:,_:)" syntax="operator+(Float:,_:)(oper1, oper2)">
			<tagname value="Float"/>
			<stacksize value="4"/>
			<referrer name="timer_update"/>
			<dependency name="float"/>
			<dependency name="floatadd"/>
			<param name="oper1">
				<paraminfo>Float </paraminfo>
			</param>
			<param name="oper2">
			</param>
		</member>
		<member name="M:operator/(_:,Float:)" syntax="operator/(_:,Float:)(oper1, oper2)">
			<tagname value="Float"/>
			<stacksize value="4"/>
			<dependency name="float"/>
			<dependency name="floatdiv"/>
			<param name="oper1">
			</param>
			<param name="oper2">
				<paraminfo>Float </paraminfo>
			</param>
		</member>
		<member name="M:operator/(Float:,_:)" syntax="operator/(Float:,_:)(oper1, oper2)">
			<tagname value="Float"/>
			<stacksize value="4"/>
			<dependency name="float"/>
			<dependency name="floatdiv"/>
			<param name="oper1">
				<paraminfo>Float </paraminfo>
			</param>
			<param name="oper2">
			</param>
		</member>
		<member name="M:operator*(Float:,_:)" syntax="operator*(Float:,_:)(oper1, oper2)">
			<tagname value="Float"/>
			<stacksize value="4"/>
			<referrer name="timer_update"/>
			<dependency name="float"/>
			<dependency name="floatmul"/>
			<param name="oper1">
				<paraminfo>Float </paraminfo>
			</param>
			<param name="oper2">
			</param>
		</member>
		<member name="M:operator++(Float:)" syntax="operator++(Float:)(oper)">
			<tagname value="Float"/>
			<stacksize value="1"/>
			<dependency name="operator+(Float:,Float:)"/>
			<param name="oper">
				<paraminfo>Float </paraminfo>
			</param>
		</member>
		<member name="M:operator-(Float:)" syntax="operator-(Float:)(oper)">
			<tagname value="Float"/>
			<stacksize value="1"/>
			<dependency name="cellmin"/>
			<param name="oper">
				<paraminfo>Float </paraminfo>
			</param>
		</member>
		<member name="M:operator--(Float:)" syntax="operator--(Float:)(oper)">
			<tagname value="Float"/>
			<stacksize value="1"/>
			<dependency name="operator-(Float:,Float:)"/>
			<param name="oper">
				<paraminfo>Float </paraminfo>
			</param>
		</member>
		<member name="M:operator-(Float:,Float:)" syntax="operator-(Float:,Float:)(oper1, oper2)">
			<tagname value="Float"/>
			<attribute name="native"/>
			<referrer name="operator--(Float:)"/>
			<referrer name="timer_update"/>
			<param name="oper1">
				<paraminfo>Float </paraminfo>
			</param>
			<param name="oper2">
				<paraminfo>Float </paraminfo>
			</param>
		</member>
		<member name="M:operator+(Float:,Float:)" syntax="operator+(Float:,Float:)(oper1, oper2)">
			<tagname value="Float"/>
			<attribute name="native"/>
			<referrer name="operator++(Float:)"/>
			<referrer name="timer_update"/>
			<param name="oper1">
				<paraminfo>Float </paraminfo>
			</param>
			<param name="oper2">
				<paraminfo>Float </paraminfo>
			</param>
		</member>
		<member name="M:operator/(Float:,Float:)" syntax="operator/(Float:,Float:)(oper1, oper2)">
			<tagname value="Float"/>
			<attribute name="native"/>
			<referrer name="timer_update"/>
			<param name="oper1">
				<paraminfo>Float </paraminfo>
			</param>
			<param name="oper2">
				<paraminfo>Float </paraminfo>
			</param>
		</member>
		<member name="M:operator*(Float:,Float:)" syntax="operator*(Float:,Float:)(oper1, oper2)">
			<tagname value="Float"/>
			<attribute name="native"/>
			<referrer name="timer_update"/>
			<param name="oper1">
				<paraminfo>Float </paraminfo>
			</param>
			<param name="oper2">
				<paraminfo>Float </paraminfo>
			</param>
		</member>
		<member name="M:Float:operator=(_:)" syntax="Float:operator=(_:)(oper)">
			<tagname value="Float"/>
			<attribute name="native"/>
			<referrer name="OnFilterScriptInit"/>
			<referrer name="IsPlayerAtRefuelStation"/>
			<param name="oper">
			</param>
		</member>
		<member name="M:operator==(Float:,Float:)" syntax="operator==(Float:,Float:)(oper1, oper2)">
			<tagname value="bool"/>
			<stacksize value="4"/>
			<dependency name="floatcmp"/>
			<param name="oper1">
				<paraminfo>Float </paraminfo>
			</param>
			<param name="oper2">
				<paraminfo>Float </paraminfo>
			</param>
		</member>
		<member name="M:operator==(Float:,_:)" syntax="operator==(Float:,_:)(oper1, oper2)">
			<tagname value="bool"/>
			<stacksize value="4"/>
			<referrer name="timer_update"/>
			<dependency name="float"/>
			<dependency name="floatcmp"/>
			<param name="oper1">
				<paraminfo>Float </paraminfo>
			</param>
			<param name="oper2">
			</param>
		</member>
		<member name="M:operator&gt;(Float:,Float:)" syntax="operator&gt;(Float:,Float:)(oper1, oper2)">
			<tagname value="bool"/>
			<stacksize value="4"/>
			<dependency name="floatcmp"/>
			<param name="oper1">
				<paraminfo>Float </paraminfo>
			</param>
			<param name="oper2">
				<paraminfo>Float </paraminfo>
			</param>
		</member>
		<member name="M:operator&gt;(Float:,_:)" syntax="operator&gt;(Float:,_:)(oper1, oper2)">
			<tagname value="bool"/>
			<stacksize value="4"/>
			<dependency name="float"/>
			<dependency name="floatcmp"/>
			<param name="oper1">
				<paraminfo>Float </paraminfo>
			</param>
			<param name="oper2">
			</param>
		</member>
		<member name="M:operator&gt;(_:,Float:)" syntax="operator&gt;(_:,Float:)(oper1, oper2)">
			<tagname value="bool"/>
			<stacksize value="4"/>
			<dependency name="float"/>
			<dependency name="floatcmp"/>
			<param name="oper1">
			</param>
			<param name="oper2">
				<paraminfo>Float </paraminfo>
			</param>
		</member>
		<member name="M:operator&gt;=(Float:,Float:)" syntax="operator&gt;=(Float:,Float:)(oper1, oper2)">
			<tagname value="bool"/>
			<stacksize value="4"/>
			<dependency name="floatcmp"/>
			<param name="oper1">
				<paraminfo>Float </paraminfo>
			</param>
			<param name="oper2">
				<paraminfo>Float </paraminfo>
			</param>
		</member>
		<member name="M:operator&gt;=(Float:,_:)" syntax="operator&gt;=(Float:,_:)(oper1, oper2)">
			<tagname value="bool"/>
			<stacksize value="4"/>
			<dependency name="float"/>
			<dependency name="floatcmp"/>
			<param name="oper1">
				<paraminfo>Float </paraminfo>
			</param>
			<param name="oper2">
			</param>
		</member>
		<member name="M:operator&gt;=(_:,Float:)" syntax="operator&gt;=(_:,Float:)(oper1, oper2)">
			<tagname value="bool"/>
			<stacksize value="4"/>
			<dependency name="float"/>
			<dependency name="floatcmp"/>
			<param name="oper1">
			</param>
			<param name="oper2">
				<paraminfo>Float </paraminfo>
			</param>
		</member>
		<member name="M:operator&lt;(Float:,Float:)" syntax="operator&lt;(Float:,Float:)(oper1, oper2)">
			<tagname value="bool"/>
			<stacksize value="4"/>
			<dependency name="floatcmp"/>
			<param name="oper1">
				<paraminfo>Float </paraminfo>
			</param>
			<param name="oper2">
				<paraminfo>Float </paraminfo>
			</param>
		</member>
		<member name="M:operator&lt;(Float:,_:)" syntax="operator&lt;(Float:,_:)(oper1, oper2)">
			<tagname value="bool"/>
			<stacksize value="4"/>
			<dependency name="float"/>
			<dependency name="floatcmp"/>
			<param name="oper1">
				<paraminfo>Float </paraminfo>
			</param>
			<param name="oper2">
			</param>
		</member>
		<member name="M:operator&lt;(_:,Float:)" syntax="operator&lt;(_:,Float:)(oper1, oper2)">
			<tagname value="bool"/>
			<stacksize value="4"/>
			<dependency name="float"/>
			<dependency name="floatcmp"/>
			<param name="oper1">
			</param>
			<param name="oper2">
				<paraminfo>Float </paraminfo>
			</param>
		</member>
		<member name="M:operator&lt;=(Float:,Float:)" syntax="operator&lt;=(Float:,Float:)(oper1, oper2)">
			<tagname value="bool"/>
			<stacksize value="4"/>
			<dependency name="floatcmp"/>
			<param name="oper1">
				<paraminfo>Float </paraminfo>
			</param>
			<param name="oper2">
				<paraminfo>Float </paraminfo>
			</param>
		</member>
		<member name="M:operator&lt;=(Float:,_:)" syntax="operator&lt;=(Float:,_:)(oper1, oper2)">
			<tagname value="bool"/>
			<stacksize value="4"/>
			<dependency name="float"/>
			<dependency name="floatcmp"/>
			<param name="oper1">
				<paraminfo>Float </paraminfo>
			</param>
			<param name="oper2">
			</param>
		</member>
		<member name="M:operator&lt;=(_:,Float:)" syntax="operator&lt;=(_:,Float:)(oper1, oper2)">
			<tagname value="bool"/>
			<stacksize value="4"/>
			<dependency name="float"/>
			<dependency name="floatcmp"/>
			<param name="oper1">
			</param>
			<param name="oper2">
				<paraminfo>Float </paraminfo>
			</param>
		</member>
		<member name="M:@receivepacket" syntax="@receivepacket(packet[], size, source[])">
			<attribute name="public"/>
			<stacksize value="1"/>
			<param name="packet">
				<paraminfo> [] </paraminfo>
			</param>
			<param name="size">
			</param>
			<param name="source">
				<paraminfo> [] </paraminfo>
			</param>
		</member>
		<member name="M:@receivestring" syntax="@receivestring(message[], source[])">
			<attribute name="public"/>
			<stacksize value="1"/>
			<param name="message">
				<paraminfo> [] </paraminfo>
			</param>
			<param name="source">
				<paraminfo> [] </paraminfo>
			</param>
		</member>
		<member name="M:GameTextForPlayer" syntax="GameTextForPlayer(playerid, string[], time, style)">
			<attribute name="native"/>
			<referrer name="timer_update"/>
			<param name="playerid">
			</param>
			<param name="string">
				<paraminfo> [] </paraminfo>
			</param>
			<param name="time">
			</param>
			<param name="style">
			</param>
		</member>
		<member name="M:GetPlayerMoney" syntax="GetPlayerMoney(playerid)">
			<attribute name="native"/>
			<referrer name="OnPlayerCommandText"/>
			<param name="playerid">
			</param>
		</member>
		<member name="M:GetPlayerVehicleID" syntax="GetPlayerVehicleID(playerid)">
			<attribute name="native"/>
			<referrer name="timer_update"/>
			<referrer name="timer_refuel"/>
			<param name="playerid">
			</param>
		</member>
		<member name="M:GetPlayerVehicleSeat" syntax="GetPlayerVehicleSeat(playerid)">
			<attribute name="native"/>
			<referrer name="timer_update"/>
			<param name="playerid">
			</param>
		</member>
		<member name="M:GetVehicleHealth" syntax="GetVehicleHealth(vehicleid, &amp;health)">
			<attribute name="native"/>
			<referrer name="OnFilterScriptInit"/>
			<referrer name="timer_update"/>
			<param name="vehicleid">
			</param>
			<param name="health">
				<paraminfo>Float &amp; </paraminfo>
			</param>
		</member>
		<member name="M:GetVehicleParamsEx" syntax="GetVehicleParamsEx(vehicleid, &amp;engine, &amp;lights, &amp;alarm, &amp;doors, &amp;bonnet, &amp;boot, &amp;objective)">
			<attribute name="native"/>
			<referrer name="timer_update"/>
			<referrer name="timer_refuel"/>
			<param name="vehicleid">
			</param>
			<param name="engine">
				<paraminfo> &amp; </paraminfo>
			</param>
			<param name="lights">
				<paraminfo> &amp; </paraminfo>
			</param>
			<param name="alarm">
				<paraminfo> &amp; </paraminfo>
			</param>
			<param name="doors">
				<paraminfo> &amp; </paraminfo>
			</param>
			<param name="bonnet">
				<paraminfo> &amp; </paraminfo>
			</param>
			<param name="boot">
				<paraminfo> &amp; </paraminfo>
			</param>
			<param name="objective">
				<paraminfo> &amp; </paraminfo>
			</param>
		</member>
		<member name="M:GetVehicleVelocity" syntax="GetVehicleVelocity(vehicleid, &amp;X, &amp;Y, &amp;Z)">
			<attribute name="native"/>
			<referrer name="timer_update"/>
			<param name="vehicleid">
			</param>
			<param name="X">
				<paraminfo>Float &amp; </paraminfo>
			</param>
			<param name="Y">
				<paraminfo>Float &amp; </paraminfo>
			</param>
			<param name="Z">
				<paraminfo>Float &amp; </paraminfo>
			</param>
		</member>
		<member name="M:GivePlayerMoney" syntax="GivePlayerMoney(playerid, money)">
			<attribute name="native"/>
			<referrer name="OnPlayerCommandText"/>
			<param name="playerid">
			</param>
			<param name="money">
			</param>
		</member>
		<member name="M:IsPlayerAtRefuelStation" syntax="IsPlayerAtRefuelStation(playerid)">
			<stacksize value="7"/>
			<referrer name="OnPlayerCommandText"/>
			<dependency name="Float:operator=(_:)"/>
			<dependency name="IsPlayerInRangeOfPoint"/>
			<param name="playerid">
			</param>
		</member>
		<member name="M:IsPlayerInAnyVehicle" syntax="IsPlayerInAnyVehicle(playerid)">
			<attribute name="native"/>
			<referrer name="OnPlayerCommandText"/>
			<param name="playerid">
			</param>
		</member>
		<member name="M:IsPlayerInRangeOfPoint" syntax="IsPlayerInRangeOfPoint(playerid, range, x, y, z)">
			<attribute name="native"/>
			<referrer name="IsPlayerAtRefuelStation"/>
			<param name="playerid">
			</param>
			<param name="range">
				<paraminfo>Float </paraminfo>
			</param>
			<param name="x">
				<paraminfo>Float </paraminfo>
			</param>
			<param name="y">
				<paraminfo>Float </paraminfo>
			</param>
			<param name="z">
				<paraminfo>Float </paraminfo>
			</param>
		</member>
		<member name="M:OnActorStreamIn" syntax="OnActorStreamIn(actorid, forplayerid)">
			<stacksize value="1"/>
			<param name="actorid">
			</param>
			<param name="forplayerid">
			</param>
		</member>
		<member name="M:OnActorStreamOut" syntax="OnActorStreamOut(actorid, forplayerid)">
			<stacksize value="1"/>
			<param name="actorid">
			</param>
			<param name="forplayerid">
			</param>
		</member>
		<member name="M:OnDialogResponse" syntax="OnDialogResponse(playerid, dialogid, response, listitem, inputtext[])">
			<stacksize value="1"/>
			<param name="playerid">
			</param>
			<param name="dialogid">
			</param>
			<param name="response">
			</param>
			<param name="listitem">
			</param>
			<param name="inputtext">
				<paraminfo> [] </paraminfo>
			</param>
		</member>
		<member name="M:OnEnterExitModShop" syntax="OnEnterExitModShop(playerid, enterexit, interiorid)">
			<stacksize value="1"/>
			<param name="playerid">
			</param>
			<param name="enterexit">
			</param>
			<param name="interiorid">
			</param>
		</member>
		<member name="M:OnFilterScriptExit" syntax="OnFilterScriptExit()">
			<attribute name="public"/>
			<stacksize value="4"/>
			<dependency name="TextDrawDestroy"/>
			<dependency name="td_box"/>
			<dependency name="td_fuel"/>
			<dependency name="td_vhealth"/>
			<dependency name="td_vspeed"/>
		</member>
		<member name="M:OnFilterScriptInit" syntax="OnFilterScriptInit()">
			<attribute name="public"/>
			<stacksize value="6"/>
			<dependency name="Float:operator=(_:)"/>
			<dependency name="GetVehicleHealth"/>
			<dependency name="SetTimer"/>
			<dependency name="TextDrawAlignment"/>
			<dependency name="TextDrawBackgroundColor"/>
			<dependency name="TextDrawBoxColor"/>
			<dependency name="TextDrawColor"/>
			<dependency name="TextDrawCreate"/>
			<dependency name="TextDrawFont"/>
			<dependency name="TextDrawLetterSize"/>
			<dependency name="TextDrawSetOutline"/>
			<dependency name="TextDrawSetProportional"/>
			<dependency name="TextDrawSetShadow"/>
			<dependency name="TextDrawTextSize"/>
			<dependency name="TextDrawUseBox"/>
			<dependency name="fuel"/>
			<dependency name="max_vhealth"/>
			<dependency name="random"/>
			<dependency name="td_box"/>
			<dependency name="td_fuel"/>
			<dependency name="td_vhealth"/>
			<dependency name="td_vspeed"/>
			<dependency name="true"/>
		</member>
		<member name="M:OnGameModeExit" syntax="OnGameModeExit()">
			<stacksize value="1"/>
		</member>
		<member name="M:OnGameModeInit" syntax="OnGameModeInit()">
			<stacksize value="1"/>
		</member>
		<member name="M:OnIncomingConnection" syntax="OnIncomingConnection(playerid, ip_address[], port)">
			<stacksize value="1"/>
			<param name="playerid">
			</param>
			<param name="ip_address">
				<paraminfo> [] </paraminfo>
			</param>
			<param name="port">
			</param>
		</member>
		<member name="M:OnObjectMoved" syntax="OnObjectMoved(objectid)">
			<stacksize value="1"/>
			<param name="objectid">
			</param>
		</member>
		<member name="M:OnPlayerClickMap" syntax="OnPlayerClickMap(playerid, fX, fY, fZ)">
			<stacksize value="1"/>
			<param name="playerid">
			</param>
			<param name="fX">
				<paraminfo>Float </paraminfo>
			</param>
			<param name="fY">
				<paraminfo>Float </paraminfo>
			</param>
			<param name="fZ">
				<paraminfo>Float </paraminfo>
			</param>
		</member>
		<member name="M:OnPlayerClickPlayer" syntax="OnPlayerClickPlayer(playerid, clickedplayerid, source)">
			<stacksize value="1"/>
			<param name="playerid">
			</param>
			<param name="clickedplayerid">
			</param>
			<param name="source">
			</param>
		</member>
		<member name="M:OnPlayerClickPlayerTextDraw" syntax="OnPlayerClickPlayerTextDraw(playerid, playertextid)">
			<stacksize value="1"/>
			<param name="playerid">
			</param>
			<param name="playertextid">
				<paraminfo>PlayerText </paraminfo>
			</param>
		</member>
		<member name="M:OnPlayerClickTextDraw" syntax="OnPlayerClickTextDraw(playerid, clickedid)">
			<stacksize value="1"/>
			<param name="playerid">
			</param>
			<param name="clickedid">
				<paraminfo>Text </paraminfo>
			</param>
		</member>
		<member name="M:OnPlayerCommandText" syntax="OnPlayerCommandText(playerid, cmdtext[])">
			<attribute name="public"/>
			<stacksize value="7"/>
			<dependency name="GetPlayerMoney"/>
			<dependency name="GivePlayerMoney"/>
			<dependency name="IsPlayerAtRefuelStation"/>
			<dependency name="IsPlayerInAnyVehicle"/>
			<dependency name="SendClientMessage"/>
			<dependency name="SetCameraBehindPlayer"/>
			<dependency name="SetTimerEx"/>
			<dependency name="TextDrawSetString"/>
			<dependency name="false"/>
			<dependency name="isrefuelling"/>
			<dependency name="strcmp"/>
			<dependency name="td_fuel"/>
			<dependency name="true"/>
			<param name="playerid">
			</param>
			<param name="cmdtext">
				<paraminfo> [] </paraminfo>
			</param>
		</member>
		<member name="M:OnPlayerConnect" syntax="OnPlayerConnect(playerid)">
			<stacksize value="1"/>
			<param name="playerid">
			</param>
		</member>
		<member name="M:OnPlayerDeath" syntax="OnPlayerDeath(playerid, killerid, reason)">
			<stacksize value="1"/>
			<param name="playerid">
			</param>
			<param name="killerid">
			</param>
			<param name="reason">
			</param>
		</member>
		<member name="M:OnPlayerDisconnect" syntax="OnPlayerDisconnect(playerid, reason)">
			<stacksize value="1"/>
			<param name="playerid">
			</param>
			<param name="reason">
			</param>
		</member>
		<member name="M:OnPlayerEditAttachedObject" syntax="OnPlayerEditAttachedObject(playerid, response, index, modelid, boneid, fOffsetX, fOffsetY, fOffsetZ, fRotX, fRotY, fRotZ, fScaleX, fScaleY, fScaleZ)">
			<stacksize value="1"/>
			<param name="playerid">
			</param>
			<param name="response">
			</param>
			<param name="index">
			</param>
			<param name="modelid">
			</param>
			<param name="boneid">
			</param>
			<param name="fOffsetX">
				<paraminfo>Float </paraminfo>
			</param>
			<param name="fOffsetY">
				<paraminfo>Float </paraminfo>
			</param>
			<param name="fOffsetZ">
				<paraminfo>Float </paraminfo>
			</param>
			<param name="fRotX">
				<paraminfo>Float </paraminfo>
			</param>
			<param name="fRotY">
				<paraminfo>Float </paraminfo>
			</param>
			<param name="fRotZ">
				<paraminfo>Float </paraminfo>
			</param>
			<param name="fScaleX">
				<paraminfo>Float </paraminfo>
			</param>
			<param name="fScaleY">
				<paraminfo>Float </paraminfo>
			</param>
			<param name="fScaleZ">
				<paraminfo>Float </paraminfo>
			</param>
		</member>
		<member name="M:OnPlayerEditObject" syntax="OnPlayerEditObject(playerid, playerobject, objectid, response, fX, fY, fZ, fRotX, fRotY, fRotZ)">
			<stacksize value="1"/>
			<param name="playerid">
			</param>
			<param name="playerobject">
			</param>
			<param name="objectid">
			</param>
			<param name="response">
			</param>
			<param name="fX">
				<paraminfo>Float </paraminfo>
			</param>
			<param name="fY">
				<paraminfo>Float </paraminfo>
			</param>
			<param name="fZ">
				<paraminfo>Float </paraminfo>
			</param>
			<param name="fRotX">
				<paraminfo>Float </paraminfo>
			</param>
			<param name="fRotY">
				<paraminfo>Float </paraminfo>
			</param>
			<param name="fRotZ">
				<paraminfo>Float </paraminfo>
			</param>
		</member>
		<member name="M:OnPlayerEnterCheckpoint" syntax="OnPlayerEnterCheckpoint(playerid)">
			<stacksize value="1"/>
			<param name="playerid">
			</param>
		</member>
		<member name="M:OnPlayerEnterRaceCheckpoint" syntax="OnPlayerEnterRaceCheckpoint(playerid)">
			<stacksize value="1"/>
			<param name="playerid">
			</param>
		</member>
		<member name="M:OnPlayerEnterVehicle" syntax="OnPlayerEnterVehicle(playerid, vehicleid, ispassenger)">
			<stacksize value="1"/>
			<param name="playerid">
			</param>
			<param name="vehicleid">
			</param>
			<param name="ispassenger">
			</param>
		</member>
		<member name="M:OnPlayerExitVehicle" syntax="OnPlayerExitVehicle(playerid, vehicleid)">
			<stacksize value="1"/>
			<param name="playerid">
			</param>
			<param name="vehicleid">
			</param>
		</member>
		<member name="M:OnPlayerExitedMenu" syntax="OnPlayerExitedMenu(playerid)">
			<stacksize value="1"/>
			<param name="playerid">
			</param>
		</member>
		<member name="M:OnPlayerGiveDamage" syntax="OnPlayerGiveDamage(playerid, damagedid, amount, weaponid, bodypart)">
			<stacksize value="1"/>
			<param name="playerid">
			</param>
			<param name="damagedid">
			</param>
			<param name="amount">
				<paraminfo>Float </paraminfo>
			</param>
			<param name="weaponid">
			</param>
			<param name="bodypart">
			</param>
		</member>
		<member name="M:OnPlayerGiveDamageActor" syntax="OnPlayerGiveDamageActor(playerid, damaged_actorid, amount, weaponid, bodypart)">
			<stacksize value="1"/>
			<param name="playerid">
			</param>
			<param name="damaged_actorid">
			</param>
			<param name="amount">
				<paraminfo>Float </paraminfo>
			</param>
			<param name="weaponid">
			</param>
			<param name="bodypart">
			</param>
		</member>
		<member name="M:OnPlayerInteriorChange" syntax="OnPlayerInteriorChange(playerid, newinteriorid, oldinteriorid)">
			<stacksize value="1"/>
			<param name="playerid">
			</param>
			<param name="newinteriorid">
			</param>
			<param name="oldinteriorid">
			</param>
		</member>
		<member name="M:OnPlayerKeyStateChange" syntax="OnPlayerKeyStateChange(playerid, newkeys, oldkeys)">
			<stacksize value="1"/>
			<param name="playerid">
			</param>
			<param name="newkeys">
			</param>
			<param name="oldkeys">
			</param>
		</member>
		<member name="M:OnPlayerLeaveCheckpoint" syntax="OnPlayerLeaveCheckpoint(playerid)">
			<stacksize value="1"/>
			<param name="playerid">
			</param>
		</member>
		<member name="M:OnPlayerLeaveRaceCheckpoint" syntax="OnPlayerLeaveRaceCheckpoint(playerid)">
			<stacksize value="1"/>
			<param name="playerid">
			</param>
		</member>
		<member name="M:OnPlayerObjectMoved" syntax="OnPlayerObjectMoved(playerid, objectid)">
			<stacksize value="1"/>
			<param name="playerid">
			</param>
			<param name="objectid">
			</param>
		</member>
		<member name="M:OnPlayerPickUpPickup" syntax="OnPlayerPickUpPickup(playerid, pickupid)">
			<stacksize value="1"/>
			<param name="playerid">
			</param>
			<param name="pickupid">
			</param>
		</member>
		<member name="M:OnPlayerRequestClass" syntax="OnPlayerRequestClass(playerid, classid)">
			<stacksize value="1"/>
			<param name="playerid">
			</param>
			<param name="classid">
			</param>
		</member>
		<member name="M:OnPlayerRequestSpawn" syntax="OnPlayerRequestSpawn(playerid)">
			<stacksize value="1"/>
			<param name="playerid">
			</param>
		</member>
		<member name="M:OnPlayerSelectObject" syntax="OnPlayerSelectObject(playerid, type, objectid, modelid, fX, fY, fZ)">
			<stacksize value="1"/>
			<param name="playerid">
			</param>
			<param name="type">
			</param>
			<param name="objectid">
			</param>
			<param name="modelid">
			</param>
			<param name="fX">
				<paraminfo>Float </paraminfo>
			</param>
			<param name="fY">
				<paraminfo>Float </paraminfo>
			</param>
			<param name="fZ">
				<paraminfo>Float </paraminfo>
			</param>
		</member>
		<member name="M:OnPlayerSelectedMenuRow" syntax="OnPlayerSelectedMenuRow(playerid, row)">
			<stacksize value="1"/>
			<param name="playerid">
			</param>
			<param name="row">
			</param>
		</member>
		<member name="M:OnPlayerSpawn" syntax="OnPlayerSpawn(playerid)">
			<stacksize value="1"/>
			<param name="playerid">
			</param>
		</member>
		<member name="M:OnPlayerStateChange" syntax="OnPlayerStateChange(playerid, newstate, oldstate)">
			<attribute name="public"/>
			<stacksize value="4"/>
			<dependency name="TextDrawHideForPlayer"/>
			<dependency name="TextDrawSetString"/>
			<dependency name="TextDrawShowForPlayer"/>
			<dependency name="td_box"/>
			<dependency name="td_fuel"/>
			<dependency name="td_vhealth"/>
			<dependency name="td_vspeed"/>
			<param name="playerid">
			</param>
			<param name="newstate">
			</param>
			<param name="oldstate">
			</param>
		</member>
		<member name="M:OnPlayerStreamIn" syntax="OnPlayerStreamIn(playerid, forplayerid)">
			<stacksize value="1"/>
			<param name="playerid">
			</param>
			<param name="forplayerid">
			</param>
		</member>
		<member name="M:OnPlayerStreamOut" syntax="OnPlayerStreamOut(playerid, forplayerid)">
			<stacksize value="1"/>
			<param name="playerid">
			</param>
			<param name="forplayerid">
			</param>
		</member>
		<member name="M:OnPlayerTakeDamage" syntax="OnPlayerTakeDamage(playerid, issuerid, amount, weaponid, bodypart)">
			<stacksize value="1"/>
			<param name="playerid">
			</param>
			<param name="issuerid">
			</param>
			<param name="amount">
				<paraminfo>Float </paraminfo>
			</param>
			<param name="weaponid">
			</param>
			<param name="bodypart">
			</param>
		</member>
		<member name="M:OnPlayerText" syntax="OnPlayerText(playerid, text[])">
			<stacksize value="1"/>
			<param name="playerid">
			</param>
			<param name="text">
				<paraminfo> [] </paraminfo>
			</param>
		</member>
		<member name="M:OnPlayerUpdate" syntax="OnPlayerUpdate(playerid)">
			<stacksize value="1"/>
			<param name="playerid">
			</param>
		</member>
		<member name="M:OnPlayerWeaponShot" syntax="OnPlayerWeaponShot(playerid, weaponid, hittype, hitid, fX, fY, fZ)">
			<stacksize value="1"/>
			<param name="playerid">
			</param>
			<param name="weaponid">
			</param>
			<param name="hittype">
			</param>
			<param name="hitid">
			</param>
			<param name="fX">
				<paraminfo>Float </paraminfo>
			</param>
			<param name="fY">
				<paraminfo>Float </paraminfo>
			</param>
			<param name="fZ">
				<paraminfo>Float </paraminfo>
			</param>
		</member>
		<member name="M:OnRconCommand" syntax="OnRconCommand(cmd[])">
			<stacksize value="1"/>
			<param name="cmd">
				<paraminfo> [] </paraminfo>
			</param>
		</member>
		<member name="M:OnRconLoginAttempt" syntax="OnRconLoginAttempt(ip[], password[], success)">
			<stacksize value="1"/>
			<param name="ip">
				<paraminfo> [] </paraminfo>
			</param>
			<param name="password">
				<paraminfo> [] </paraminfo>
			</param>
			<param name="success">
			</param>
		</member>
		<member name="M:OnTrailerUpdate" syntax="OnTrailerUpdate(playerid, vehicleid)">
			<stacksize value="1"/>
			<param name="playerid">
			</param>
			<param name="vehicleid">
			</param>
		</member>
		<member name="M:OnUnoccupiedVehicleUpdate" syntax="OnUnoccupiedVehicleUpdate(vehicleid, playerid, passenger_seat, new_x, new_y, new_z, vel_x, vel_y, vel_z)">
			<stacksize value="1"/>
			<param name="vehicleid">
			</param>
			<param name="playerid">
			</param>
			<param name="passenger_seat">
			</param>
			<param name="new_x">
				<paraminfo>Float </paraminfo>
			</param>
			<param name="new_y">
				<paraminfo>Float </paraminfo>
			</param>
			<param name="new_z">
				<paraminfo>Float </paraminfo>
			</param>
			<param name="vel_x">
				<paraminfo>Float </paraminfo>
			</param>
			<param name="vel_y">
				<paraminfo>Float </paraminfo>
			</param>
			<param name="vel_z">
				<paraminfo>Float </paraminfo>
			</param>
		</member>
		<member name="M:OnVehicleDamageStatusUpdate" syntax="OnVehicleDamageStatusUpdate(vehicleid, playerid)">
			<stacksize value="1"/>
			<param name="vehicleid">
			</param>
			<param name="playerid">
			</param>
		</member>
		<member name="M:OnVehicleDeath" syntax="OnVehicleDeath(vehicleid, killerid)">
			<stacksize value="1"/>
			<param name="vehicleid">
			</param>
			<param name="killerid">
			</param>
		</member>
		<member name="M:OnVehicleMod" syntax="OnVehicleMod(playerid, vehicleid, componentid)">
			<stacksize value="1"/>
			<param name="playerid">
			</param>
			<param name="vehicleid">
			</param>
			<param name="componentid">
			</param>
		</member>
		<member name="M:OnVehiclePaintjob" syntax="OnVehiclePaintjob(playerid, vehicleid, paintjobid)">
			<stacksize value="1"/>
			<param name="playerid">
			</param>
			<param name="vehicleid">
			</param>
			<param name="paintjobid">
			</param>
		</member>
		<member name="M:OnVehicleRespray" syntax="OnVehicleRespray(playerid, vehicleid, color1, color2)">
			<stacksize value="1"/>
			<param name="playerid">
			</param>
			<param name="vehicleid">
			</param>
			<param name="color1">
			</param>
			<param name="color2">
			</param>
		</member>
		<member name="M:OnVehicleSirenStateChange" syntax="OnVehicleSirenStateChange(playerid, vehicleid, newstate)">
			<stacksize value="1"/>
			<param name="playerid">
			</param>
			<param name="vehicleid">
			</param>
			<param name="newstate">
			</param>
		</member>
		<member name="M:OnVehicleSpawn" syntax="OnVehicleSpawn(vehicleid)">
			<stacksize value="1"/>
			<param name="vehicleid">
			</param>
		</member>
		<member name="M:OnVehicleStreamIn" syntax="OnVehicleStreamIn(vehicleid, forplayerid)">
			<stacksize value="1"/>
			<param name="vehicleid">
			</param>
			<param name="forplayerid">
			</param>
		</member>
		<member name="M:OnVehicleStreamOut" syntax="OnVehicleStreamOut(vehicleid, forplayerid)">
			<stacksize value="1"/>
			<param name="vehicleid">
			</param>
			<param name="forplayerid">
			</param>
		</member>
		<member name="M:SendClientMessage" syntax="SendClientMessage(playerid, color, message[])">
			<attribute name="native"/>
			<referrer name="OnPlayerCommandText"/>
			<param name="playerid">
			</param>
			<param name="color">
			</param>
			<param name="message">
				<paraminfo> [] </paraminfo>
			</param>
		</member>
		<member name="M:SetCameraBehindPlayer" syntax="SetCameraBehindPlayer(playerid)">
			<attribute name="native"/>
			<referrer name="OnPlayerCommandText"/>
			<param name="playerid">
			</param>
		</member>
		<member name="M:SetTimer" syntax="SetTimer(funcname[], interval, repeating)">
			<attribute name="native"/>
			<referrer name="OnFilterScriptInit"/>
			<param name="funcname">
				<paraminfo> [] </paraminfo>
			</param>
			<param name="interval">
			</param>
			<param name="repeating">
			</param>
		</member>
		<member name="M:SetTimerEx" syntax="SetTimerEx(funcname[], interval, repeating, format[], ...)">
			<attribute name="native"/>
			<referrer name="OnPlayerCommandText"/>
			<param name="funcname">
				<paraminfo> [] </paraminfo>
			</param>
			<param name="interval">
			</param>
			<param name="repeating">
			</param>
			<param name="format">
				<paraminfo> [] </paraminfo>
			</param>
			<param name="...">
				<paraminfo> {Float,_} </paraminfo>
			</param>
		</member>
		<member name="M:SetVehicleParamsEx" syntax="SetVehicleParamsEx(vehicleid, engine, lights, alarm, doors, bonnet, boot, objective)">
			<attribute name="native"/>
			<referrer name="timer_update"/>
			<referrer name="timer_refuel"/>
			<param name="vehicleid">
			</param>
			<param name="engine">
			</param>
			<param name="lights">
			</param>
			<param name="alarm">
			</param>
			<param name="doors">
			</param>
			<param name="bonnet">
			</param>
			<param name="boot">
			</param>
			<param name="objective">
			</param>
		</member>
		<member name="M:TextDrawAlignment" syntax="TextDrawAlignment(text, alignment)">
			<attribute name="native"/>
			<referrer name="OnFilterScriptInit"/>
			<param name="text">
				<paraminfo>Text </paraminfo>
			</param>
			<param name="alignment">
			</param>
		</member>
		<member name="M:TextDrawBackgroundColor" syntax="TextDrawBackgroundColor(text, color)">
			<attribute name="native"/>
			<referrer name="OnFilterScriptInit"/>
			<param name="text">
				<paraminfo>Text </paraminfo>
			</param>
			<param name="color">
			</param>
		</member>
		<member name="M:TextDrawBoxColor" syntax="TextDrawBoxColor(text, color)">
			<attribute name="native"/>
			<referrer name="OnFilterScriptInit"/>
			<param name="text">
				<paraminfo>Text </paraminfo>
			</param>
			<param name="color">
			</param>
		</member>
		<member name="M:TextDrawColor" syntax="TextDrawColor(text, color)">
			<attribute name="native"/>
			<referrer name="OnFilterScriptInit"/>
			<param name="text">
				<paraminfo>Text </paraminfo>
			</param>
			<param name="color">
			</param>
		</member>
		<member name="M:TextDrawCreate" syntax="TextDrawCreate(x, y, text[])">
			<tagname value="Text"/>
			<attribute name="native"/>
			<referrer name="OnFilterScriptInit"/>
			<param name="x">
				<paraminfo>Float </paraminfo>
			</param>
			<param name="y">
				<paraminfo>Float </paraminfo>
			</param>
			<param name="text">
				<paraminfo> [] </paraminfo>
			</param>
		</member>
		<member name="M:TextDrawDestroy" syntax="TextDrawDestroy(text)">
			<attribute name="native"/>
			<referrer name="OnFilterScriptExit"/>
			<param name="text">
				<paraminfo>Text </paraminfo>
			</param>
		</member>
		<member name="M:TextDrawFont" syntax="TextDrawFont(text, font)">
			<attribute name="native"/>
			<referrer name="OnFilterScriptInit"/>
			<param name="text">
				<paraminfo>Text </paraminfo>
			</param>
			<param name="font">
			</param>
		</member>
		<member name="M:TextDrawHideForPlayer" syntax="TextDrawHideForPlayer(playerid, text)">
			<attribute name="native"/>
			<referrer name="OnPlayerStateChange"/>
			<param name="playerid">
			</param>
			<param name="text">
				<paraminfo>Text </paraminfo>
			</param>
		</member>
		<member name="M:TextDrawLetterSize" syntax="TextDrawLetterSize(text, x, y)">
			<attribute name="native"/>
			<referrer name="OnFilterScriptInit"/>
			<param name="text">
				<paraminfo>Text </paraminfo>
			</param>
			<param name="x">
				<paraminfo>Float </paraminfo>
			</param>
			<param name="y">
				<paraminfo>Float </paraminfo>
			</param>
		</member>
		<member name="M:TextDrawSetOutline" syntax="TextDrawSetOutline(text, size)">
			<attribute name="native"/>
			<referrer name="OnFilterScriptInit"/>
			<param name="text">
				<paraminfo>Text </paraminfo>
			</param>
			<param name="size">
			</param>
		</member>
		<member name="M:TextDrawSetProportional" syntax="TextDrawSetProportional(text, set)">
			<attribute name="native"/>
			<referrer name="OnFilterScriptInit"/>
			<param name="text">
				<paraminfo>Text </paraminfo>
			</param>
			<param name="set">
			</param>
		</member>
		<member name="M:TextDrawSetShadow" syntax="TextDrawSetShadow(text, size)">
			<attribute name="native"/>
			<referrer name="OnFilterScriptInit"/>
			<param name="text">
				<paraminfo>Text </paraminfo>
			</param>
			<param name="size">
			</param>
		</member>
		<member name="M:TextDrawSetString" syntax="TextDrawSetString(text, string[])">
			<attribute name="native"/>
			<referrer name="OnPlayerStateChange"/>
			<referrer name="OnPlayerCommandText"/>
			<referrer name="timer_update"/>
			<referrer name="timer_refuel"/>
			<param name="text">
				<paraminfo>Text </paraminfo>
			</param>
			<param name="string">
				<paraminfo> [] </paraminfo>
			</param>
		</member>
		<member name="M:TextDrawShowForPlayer" syntax="TextDrawShowForPlayer(playerid, text)">
			<attribute name="native"/>
			<referrer name="OnPlayerStateChange"/>
			<param name="playerid">
			</param>
			<param name="text">
				<paraminfo>Text </paraminfo>
			</param>
		</member>
		<member name="M:TextDrawTextSize" syntax="TextDrawTextSize(text, x, y)">
			<attribute name="native"/>
			<referrer name="OnFilterScriptInit"/>
			<param name="text">
				<paraminfo>Text </paraminfo>
			</param>
			<param name="x">
				<paraminfo>Float </paraminfo>
			</param>
			<param name="y">
				<paraminfo>Float </paraminfo>
			</param>
		</member>
		<member name="M:TextDrawUseBox" syntax="TextDrawUseBox(text, use)">
			<attribute name="native"/>
			<referrer name="OnFilterScriptInit"/>
			<param name="text">
				<paraminfo>Text </paraminfo>
			</param>
			<param name="use">
			</param>
		</member>
		<member name="M:float" syntax="float(value)">
			<tagname value="Float"/>
			<attribute name="native"/>
			<referrer name="operator*(Float:,_:)"/>
			<referrer name="operator/(Float:,_:)"/>
			<referrer name="operator/(_:,Float:)"/>
			<referrer name="operator+(Float:,_:)"/>
			<referrer name="operator-(Float:,_:)"/>
			<referrer name="operator-(_:,Float:)"/>
			<referrer name="operator==(Float:,_:)"/>
			<referrer name="operator!=(Float:,_:)"/>
			<referrer name="operator&gt;(Float:,_:)"/>
			<referrer name="operator&gt;(_:,Float:)"/>
			<referrer name="operator&gt;=(Float:,_:)"/>
			<referrer name="operator&gt;=(_:,Float:)"/>
			<referrer name="operator&lt;(Float:,_:)"/>
			<referrer name="operator&lt;(_:,Float:)"/>
			<referrer name="operator&lt;=(Float:,_:)"/>
			<referrer name="operator&lt;=(_:,Float:)"/>
			<param name="value">
			</param>
		</member>
		<member name="M:floatadd" syntax="floatadd(oper1, oper2)">
			<tagname value="Float"/>
			<attribute name="native"/>
			<referrer name="operator+(Float:,_:)"/>
			<param name="oper1">
				<paraminfo>Float </paraminfo>
			</param>
			<param name="oper2">
				<paraminfo>Float </paraminfo>
			</param>
		</member>
		<member name="M:floatcmp" syntax="floatcmp(oper1, oper2)">
			<attribute name="native"/>
			<referrer name="operator==(Float:,Float:)"/>
			<referrer name="operator==(Float:,_:)"/>
			<referrer name="operator!=(Float:,Float:)"/>
			<referrer name="operator!=(Float:,_:)"/>
			<referrer name="operator&gt;(Float:,Float:)"/>
			<referrer name="operator&gt;(Float:,_:)"/>
			<referrer name="operator&gt;(_:,Float:)"/>
			<referrer name="operator&gt;=(Float:,Float:)"/>
			<referrer name="operator&gt;=(Float:,_:)"/>
			<referrer name="operator&gt;=(_:,Float:)"/>
			<referrer name="operator&lt;(Float:,Float:)"/>
			<referrer name="operator&lt;(Float:,_:)"/>
			<referrer name="operator&lt;(_:,Float:)"/>
			<referrer name="operator&lt;=(Float:,Float:)"/>
			<referrer name="operator&lt;=(Float:,_:)"/>
			<referrer name="operator&lt;=(_:,Float:)"/>
			<param name="oper1">
				<paraminfo>Float </paraminfo>
			</param>
			<param name="oper2">
				<paraminfo>Float </paraminfo>
			</param>
		</member>
		<member name="M:floatdiv" syntax="floatdiv(dividend, divisor)">
			<tagname value="Float"/>
			<attribute name="native"/>
			<referrer name="operator/(Float:,_:)"/>
			<referrer name="operator/(_:,Float:)"/>
			<param name="dividend">
				<paraminfo>Float </paraminfo>
			</param>
			<param name="divisor">
				<paraminfo>Float </paraminfo>
			</param>
		</member>
		<member name="M:floatmul" syntax="floatmul(oper1, oper2)">
			<tagname value="Float"/>
			<attribute name="native"/>
			<referrer name="operator*(Float:,_:)"/>
			<param name="oper1">
				<paraminfo>Float </paraminfo>
			</param>
			<param name="oper2">
				<paraminfo>Float </paraminfo>
			</param>
		</member>
		<member name="M:floatround" syntax="floatround(value, method)">
			<attribute name="native"/>
			<referrer name="timer_update"/>
			<param name="value">
				<paraminfo>Float </paraminfo>
			</param>
			<param name="method">
				<paraminfo>floatround_method </paraminfo>
			</param>
		</member>
		<member name="M:floatsqroot" syntax="floatsqroot(value)">
			<tagname value="Float"/>
			<attribute name="native"/>
			<referrer name="timer_update"/>
			<param name="value">
				<paraminfo>Float </paraminfo>
			</param>
		</member>
		<member name="M:floatsub" syntax="floatsub(oper1, oper2)">
			<tagname value="Float"/>
			<attribute name="native"/>
			<referrer name="operator-(Float:,_:)"/>
			<referrer name="operator-(_:,Float:)"/>
			<param name="oper1">
				<paraminfo>Float </paraminfo>
			</param>
			<param name="oper2">
				<paraminfo>Float </paraminfo>
			</param>
		</member>
		<member name="M:format" syntax="format(output[], len, format[], ...)">
			<attribute name="native"/>
			<referrer name="timer_update"/>
			<param name="output">
				<paraminfo> [] </paraminfo>
			</param>
			<param name="len">
			</param>
			<param name="format">
				<paraminfo> [] </paraminfo>
			</param>
			<param name="...">
				<paraminfo> {Float,_} </paraminfo>
			</param>
		</member>
		<member name="M:random" syntax="random(max)">
			<attribute name="native"/>
			<referrer name="OnFilterScriptInit"/>
			<param name="max">
			</param>
		</member>
		<member name="M:strcmp" syntax="strcmp(string1[], string2[], ignorecase, length)">
			<attribute name="native"/>
			<referrer name="OnPlayerCommandText"/>
			<param name="string1">
				<paraminfo> [] </paraminfo>
			</param>
			<param name="string2">
				<paraminfo> [] </paraminfo>
			</param>
			<param name="ignorecase">
				<paraminfo>bool </paraminfo>
			</param>
			<param name="length">
			</param>
		</member>
		<member name="M:timer_refuel" syntax="timer_refuel(playerid)">
			<attribute name="public"/>
			<stacksize value="19"/>
			<dependency name="Engine"/>
			<dependency name="GetPlayerVehicleID"/>
			<dependency name="GetVehicleParamsEx"/>
			<dependency name="SetVehicleParamsEx"/>
			<dependency name="TextDrawSetString"/>
			<dependency name="fuel"/>
			<dependency name="isrefuelling"/>
			<dependency name="td_fuel"/>
			<param name="playerid">
			</param>
		</member>
		<member name="M:timer_update" syntax="timer_update()">
			<attribute name="public"/>
			<stacksize value="143"/>
			<dependency name="operator+(Float:,_:)"/>
			<dependency name="operator*(Float:,_:)"/>
			<dependency name="operator-(Float:,Float:)"/>
			<dependency name="operator+(Float:,Float:)"/>
			<dependency name="operator/(Float:,Float:)"/>
			<dependency name="operator*(Float:,Float:)"/>
			<dependency name="operator==(Float:,_:)"/>
			<dependency name="Engine"/>
			<dependency name="GameTextForPlayer"/>
			<dependency name="GetPlayerVehicleID"/>
			<dependency name="GetPlayerVehicleSeat"/>
			<dependency name="GetVehicleHealth"/>
			<dependency name="GetVehicleParamsEx"/>
			<dependency name="GetVehicleVelocity"/>
			<dependency name="SetVehicleParamsEx"/>
			<dependency name="TextDrawSetString"/>
			<dependency name="floatround"/>
			<dependency name="floatround_round"/>
			<dependency name="floatsqroot"/>
			<dependency name="format"/>
			<dependency name="fuel"/>
			<dependency name="isrefuelling"/>
			<dependency name="max_vhealth"/>
			<dependency name="td_fuel"/>
			<dependency name="td_vhealth"/>
			<dependency name="td_vspeed"/>
		</member>

	</members>
</doc>
