<?xml version="1.0" encoding="ISO-8859-1"?>
<?xml-stylesheet href="file:///C|/Users/Acer/Desktop/Zombies VS Humans V1.1/pawno/xml/pawndoc.xsl" type="text/xsl"?>
<doc source="group.pwn">
	<assembly>
		<name>group.pwn</name>
	</assembly>
	<members>

		<!-- enumerations -->
		<member name="T:ginfo" value="77">
			<tagname value="ginfo"/>
			<member name="C:grname" value="0">
				<size value="75"/>
			</member>
			<member name="C:leader" value="75">
			</member>
			<member name="C:active" value="76">
			</member>
		</member>
		<member name="T:pginfo" value="4">
			<tagname value="pginfo"/>
			<member name="C:gid" value="0">
			</member>
			<member name="C:order" value="1">
			</member>
			<member name="C:invited" value="2">
			</member>
			<member name="C:attemptjoin" value="3">
			</member>
		</member>

		<!-- constants -->
		<member name="C:cellmax" value="2147483647">
			<referrer name="operator!(Float:)"/>
		</member>
		<member name="C:cellmin" value="-2147483648">
			<referrer name="operator-(Float:)"/>
		</member>
		<member name="C:false" value="0">
			<tagname value="bool"/>
		</member>
		<member name="C:true" value="1">
			<tagname value="bool"/>
			<referrer name="IsGroupTaken"/>
		</member>

		<!-- variables -->
		<member name="F:group">
			<referrer name="OnFilterScriptInit"/>
			<referrer name="OnPlayerConnect"/>
			<referrer name="cmd_groupcreate"/>
			<referrer name="cmd_groupleave"/>
			<referrer name="cmd_groupinvite"/>
			<referrer name="cmd_groupleader"/>
			<referrer name="cmd_groupjoin"/>
			<referrer name="cmd_groupkick"/>
			<referrer name="cmd_groupmessage"/>
			<referrer name="cmd_grouplist"/>
			<referrer name="DisplayGroupMembers"/>
			<referrer name="GroupJoin"/>
			<referrer name="GroupInvite"/>
			<referrer name="CreateGroup"/>
			<referrer name="LeaveGroup"/>
			<referrer name="GroupMembers"/>
			<referrer name="ChangeMemberOrder"/>
			<referrer name="SendMessageToAllGroupMembers"/>
		</member>
		<member name="F:groupinfo">
			<referrer name="cmd_groupinvite"/>
			<referrer name="cmd_groupjoin"/>
			<referrer name="cmd_grouplist"/>
			<referrer name="DisplayGroupMembers"/>
			<referrer name="ListGroups"/>
			<referrer name="SendMessageToLeader"/>
			<referrer name="GroupJoin"/>
			<referrer name="FindNextSlot"/>
			<referrer name="IsGroupTaken"/>
			<referrer name="CreateGroup"/>
			<referrer name="GroupCheck"/>
			<referrer name="GroupMembers"/>
			<referrer name="ChangeMemberOrder"/>
			<referrer name="SendMessageToAllGroupMembers"/>
		</member>
		<member name="F:zcmd_g_HasOPCE">
			<tagname value="bool"/>
			<referrer name="OnGameModeInit"/>
			<referrer name="OnPlayerCommandText"/>
		</member>
		<member name="F:zcmd_g_HasOPCS">
			<tagname value="bool"/>
			<referrer name="OnGameModeInit"/>
			<referrer name="OnPlayerCommandText"/>
		</member>

		<!-- functions -->
		<member name="M:operator!(Float:)" syntax="operator!(Float:)(oper)">
			<tagname value="bool"/>
			<stacksize value="1"/>
			<dependency name="cellmax"/>
			<param name="oper">
				<paraminfo>Float </paraminfo>
			</param>
		</member>
		<member name="M:operator%(_:,Float:)" syntax="operator%(_:,Float:)(oper1, oper2)">
			<stacksize value="1"/>
			<param name="oper1">
			</param>
			<param name="oper2">
				<paraminfo>Float </paraminfo>
			</param>
		</member>
		<member name="M:operator%(Float:,_:)" syntax="operator%(Float:,_:)(oper1, oper2)">
			<stacksize value="1"/>
			<param name="oper1">
				<paraminfo>Float </paraminfo>
			</param>
			<param name="oper2">
			</param>
		</member>
		<member name="M:operator%(Float:,Float:)" syntax="operator%(Float:,Float:)(oper1, oper2)">
			<stacksize value="1"/>
			<param name="oper1">
				<paraminfo>Float </paraminfo>
			</param>
			<param name="oper2">
				<paraminfo>Float </paraminfo>
			</param>
		</member>
		<member name="M:operator!=(Float:,_:)" syntax="operator!=(Float:,_:)(oper1, oper2)">
			<tagname value="bool"/>
			<stacksize value="4"/>
			<dependency name="float"/>
			<dependency name="floatcmp"/>
			<param name="oper1">
				<paraminfo>Float </paraminfo>
			</param>
			<param name="oper2">
			</param>
		</member>
		<member name="M:operator!=(Float:,Float:)" syntax="operator!=(Float:,Float:)(oper1, oper2)">
			<tagname value="bool"/>
			<stacksize value="4"/>
			<dependency name="floatcmp"/>
			<param name="oper1">
				<paraminfo>Float </paraminfo>
			</param>
			<param name="oper2">
				<paraminfo>Float </paraminfo>
			</param>
		</member>
		<member name="M:operator-(_:,Float:)" syntax="operator-(_:,Float:)(oper1, oper2)">
			<tagname value="Float"/>
			<stacksize value="4"/>
			<dependency name="float"/>
			<dependency name="floatsub"/>
			<param name="oper1">
			</param>
			<param name="oper2">
				<paraminfo>Float </paraminfo>
			</param>
		</member>
		<member name="M:operator-(Float:,_:)" syntax="operator-(Float:,_:)(oper1, oper2)">
			<tagname value="Float"/>
			<stacksize value="4"/>
			<dependency name="float"/>
			<dependency name="floatsub"/>
			<param name="oper1">
				<paraminfo>Float </paraminfo>
			</param>
			<param name="oper2">
			</param>
		</member>
		<member name="M:operator+(Float:,_:)" syntax="operator+(Float:,_:)(oper1, oper2)">
			<tagname value="Float"/>
			<stacksize value="4"/>
			<dependency name="float"/>
			<dependency name="floatadd"/>
			<param name="oper1">
				<paraminfo>Float </paraminfo>
			</param>
			<param name="oper2">
			</param>
		</member>
		<member name="M:operator/(_:,Float:)" syntax="operator/(_:,Float:)(oper1, oper2)">
			<tagname value="Float"/>
			<stacksize value="4"/>
			<dependency name="float"/>
			<dependency name="floatdiv"/>
			<param name="oper1">
			</param>
			<param name="oper2">
				<paraminfo>Float </paraminfo>
			</param>
		</member>
		<member name="M:operator/(Float:,_:)" syntax="operator/(Float:,_:)(oper1, oper2)">
			<tagname value="Float"/>
			<stacksize value="4"/>
			<dependency name="float"/>
			<dependency name="floatdiv"/>
			<param name="oper1">
				<paraminfo>Float </paraminfo>
			</param>
			<param name="oper2">
			</param>
		</member>
		<member name="M:operator*(Float:,_:)" syntax="operator*(Float:,_:)(oper1, oper2)">
			<tagname value="Float"/>
			<stacksize value="4"/>
			<dependency name="float"/>
			<dependency name="floatmul"/>
			<param name="oper1">
				<paraminfo>Float </paraminfo>
			</param>
			<param name="oper2">
			</param>
		</member>
		<member name="M:operator++(Float:)" syntax="operator++(Float:)(oper)">
			<tagname value="Float"/>
			<stacksize value="1"/>
			<dependency name="operator+(Float:,Float:)"/>
			<param name="oper">
				<paraminfo>Float </paraminfo>
			</param>
		</member>
		<member name="M:operator-(Float:)" syntax="operator-(Float:)(oper)">
			<tagname value="Float"/>
			<stacksize value="1"/>
			<dependency name="cellmin"/>
			<param name="oper">
				<paraminfo>Float </paraminfo>
			</param>
		</member>
		<member name="M:operator--(Float:)" syntax="operator--(Float:)(oper)">
			<tagname value="Float"/>
			<stacksize value="1"/>
			<dependency name="operator-(Float:,Float:)"/>
			<param name="oper">
				<paraminfo>Float </paraminfo>
			</param>
		</member>
		<member name="M:operator-(Float:,Float:)" syntax="operator-(Float:,Float:)(oper1, oper2)">
			<tagname value="Float"/>
			<attribute name="native"/>
			<referrer name="operator--(Float:)"/>
			<param name="oper1">
				<paraminfo>Float </paraminfo>
			</param>
			<param name="oper2">
				<paraminfo>Float </paraminfo>
			</param>
		</member>
		<member name="M:operator+(Float:,Float:)" syntax="operator+(Float:,Float:)(oper1, oper2)">
			<tagname value="Float"/>
			<attribute name="native"/>
			<referrer name="operator++(Float:)"/>
			<param name="oper1">
				<paraminfo>Float </paraminfo>
			</param>
			<param name="oper2">
				<paraminfo>Float </paraminfo>
			</param>
		</member>
		<member name="M:operator==(Float:,Float:)" syntax="operator==(Float:,Float:)(oper1, oper2)">
			<tagname value="bool"/>
			<stacksize value="4"/>
			<dependency name="floatcmp"/>
			<param name="oper1">
				<paraminfo>Float </paraminfo>
			</param>
			<param name="oper2">
				<paraminfo>Float </paraminfo>
			</param>
		</member>
		<member name="M:operator==(Float:,_:)" syntax="operator==(Float:,_:)(oper1, oper2)">
			<tagname value="bool"/>
			<stacksize value="4"/>
			<dependency name="float"/>
			<dependency name="floatcmp"/>
			<param name="oper1">
				<paraminfo>Float </paraminfo>
			</param>
			<param name="oper2">
			</param>
		</member>
		<member name="M:operator&gt;(Float:,Float:)" syntax="operator&gt;(Float:,Float:)(oper1, oper2)">
			<tagname value="bool"/>
			<stacksize value="4"/>
			<dependency name="floatcmp"/>
			<param name="oper1">
				<paraminfo>Float </paraminfo>
			</param>
			<param name="oper2">
				<paraminfo>Float </paraminfo>
			</param>
		</member>
		<member name="M:operator&gt;(Float:,_:)" syntax="operator&gt;(Float:,_:)(oper1, oper2)">
			<tagname value="bool"/>
			<stacksize value="4"/>
			<dependency name="float"/>
			<dependency name="floatcmp"/>
			<param name="oper1">
				<paraminfo>Float </paraminfo>
			</param>
			<param name="oper2">
			</param>
		</member>
		<member name="M:operator&gt;(_:,Float:)" syntax="operator&gt;(_:,Float:)(oper1, oper2)">
			<tagname value="bool"/>
			<stacksize value="4"/>
			<dependency name="float"/>
			<dependency name="floatcmp"/>
			<param name="oper1">
			</param>
			<param name="oper2">
				<paraminfo>Float </paraminfo>
			</param>
		</member>
		<member name="M:operator&gt;=(Float:,Float:)" syntax="operator&gt;=(Float:,Float:)(oper1, oper2)">
			<tagname value="bool"/>
			<stacksize value="4"/>
			<dependency name="floatcmp"/>
			<param name="oper1">
				<paraminfo>Float </paraminfo>
			</param>
			<param name="oper2">
				<paraminfo>Float </paraminfo>
			</param>
		</member>
		<member name="M:operator&gt;=(Float:,_:)" syntax="operator&gt;=(Float:,_:)(oper1, oper2)">
			<tagname value="bool"/>
			<stacksize value="4"/>
			<dependency name="float"/>
			<dependency name="floatcmp"/>
			<param name="oper1">
				<paraminfo>Float </paraminfo>
			</param>
			<param name="oper2">
			</param>
		</member>
		<member name="M:operator&gt;=(_:,Float:)" syntax="operator&gt;=(_:,Float:)(oper1, oper2)">
			<tagname value="bool"/>
			<stacksize value="4"/>
			<dependency name="float"/>
			<dependency name="floatcmp"/>
			<param name="oper1">
			</param>
			<param name="oper2">
				<paraminfo>Float </paraminfo>
			</param>
		</member>
		<member name="M:operator&lt;(Float:,Float:)" syntax="operator&lt;(Float:,Float:)(oper1, oper2)">
			<tagname value="bool"/>
			<stacksize value="4"/>
			<dependency name="floatcmp"/>
			<param name="oper1">
				<paraminfo>Float </paraminfo>
			</param>
			<param name="oper2">
				<paraminfo>Float </paraminfo>
			</param>
		</member>
		<member name="M:operator&lt;(Float:,_:)" syntax="operator&lt;(Float:,_:)(oper1, oper2)">
			<tagname value="bool"/>
			<stacksize value="4"/>
			<dependency name="float"/>
			<dependency name="floatcmp"/>
			<param name="oper1">
				<paraminfo>Float </paraminfo>
			</param>
			<param name="oper2">
			</param>
		</member>
		<member name="M:operator&lt;(_:,Float:)" syntax="operator&lt;(_:,Float:)(oper1, oper2)">
			<tagname value="bool"/>
			<stacksize value="4"/>
			<dependency name="float"/>
			<dependency name="floatcmp"/>
			<param name="oper1">
			</param>
			<param name="oper2">
				<paraminfo>Float </paraminfo>
			</param>
		</member>
		<member name="M:operator&lt;=(Float:,Float:)" syntax="operator&lt;=(Float:,Float:)(oper1, oper2)">
			<tagname value="bool"/>
			<stacksize value="4"/>
			<dependency name="floatcmp"/>
			<param name="oper1">
				<paraminfo>Float </paraminfo>
			</param>
			<param name="oper2">
				<paraminfo>Float </paraminfo>
			</param>
		</member>
		<member name="M:operator&lt;=(Float:,_:)" syntax="operator&lt;=(Float:,_:)(oper1, oper2)">
			<tagname value="bool"/>
			<stacksize value="4"/>
			<dependency name="float"/>
			<dependency name="floatcmp"/>
			<param name="oper1">
				<paraminfo>Float </paraminfo>
			</param>
			<param name="oper2">
			</param>
		</member>
		<member name="M:operator&lt;=(_:,Float:)" syntax="operator&lt;=(_:,Float:)(oper1, oper2)">
			<tagname value="bool"/>
			<stacksize value="4"/>
			<dependency name="float"/>
			<dependency name="floatcmp"/>
			<param name="oper1">
			</param>
			<param name="oper2">
				<paraminfo>Float </paraminfo>
			</param>
		</member>
		<member name="M:@receivepacket" syntax="@receivepacket(packet[], size, source[])">
			<attribute name="public"/>
			<stacksize value="1"/>
			<param name="packet">
				<paraminfo> [] </paraminfo>
			</param>
			<param name="size">
			</param>
			<param name="source">
				<paraminfo> [] </paraminfo>
			</param>
		</member>
		<member name="M:@receivestring" syntax="@receivestring(message[], source[])">
			<attribute name="public"/>
			<stacksize value="1"/>
			<param name="message">
				<paraminfo> [] </paraminfo>
			</param>
			<param name="source">
				<paraminfo> [] </paraminfo>
			</param>
		</member>
		<member name="M:CallLocalFunction" syntax="CallLocalFunction(function[], format[], ...)">
			<attribute name="native"/>
			<referrer name="OnGameModeInit"/>
			<referrer name="OnPlayerCommandText"/>
			<param name="function">
				<paraminfo> [] </paraminfo>
			</param>
			<param name="format">
				<paraminfo> [] </paraminfo>
			</param>
			<param name="...">
				<paraminfo> {Float,_} </paraminfo>
			</param>
		</member>
		<member name="M:ChangeMemberOrder" syntax="ChangeMemberOrder(groupid, orderid)">
			<stacksize value="160"/>
			<referrer name="cmd_groupleader"/>
			<referrer name="GroupCheck"/>
			<dependency name="GetPlayerName"/>
			<dependency name="SendMessageToAllGroupMembers"/>
			<dependency name="format"/>
			<dependency name="gid"/>
			<dependency name="group"/>
			<dependency name="groupinfo"/>
			<dependency name="groupinfo"/>
			<dependency name="leader"/>
			<dependency name="order"/>
			<param name="groupid">
			</param>
			<param name="orderid">
			</param>
		</member>
		<member name="M:CreateGroup" syntax="CreateGroup(grpname[], owner)">
			<stacksize value="128"/>
			<referrer name="cmd_groupcreate"/>
			<dependency name="FindNextSlot"/>
			<dependency name="SendClientMessage"/>
			<dependency name="active"/>
			<dependency name="format"/>
			<dependency name="gid"/>
			<dependency name="grname"/>
			<dependency name="group"/>
			<dependency name="group"/>
			<dependency name="groupinfo"/>
			<dependency name="groupinfo"/>
			<dependency name="leader"/>
			<dependency name="order"/>
			<param name="grpname">
				<paraminfo> [] </paraminfo>
			</param>
			<param name="owner">
			</param>
		</member>
		<member name="M:DisplayGroupMembers" syntax="DisplayGroupMembers(groupid, playerid)">
			<stacksize value="289"/>
			<referrer name="cmd_grouplist"/>
			<dependency name="GetPlayerName"/>
			<dependency name="SendClientMessage"/>
			<dependency name="format"/>
			<dependency name="gid"/>
			<dependency name="grname"/>
			<dependency name="group"/>
			<dependency name="groupinfo"/>
			<dependency name="groupinfo"/>
			<dependency name="leader"/>
			<dependency name="strdel"/>
			<dependency name="strlen"/>
			<param name="groupid">
			</param>
			<param name="playerid">
			</param>
		</member>
		<member name="M:FindNextSlot" syntax="FindNextSlot()">
			<stacksize value="2"/>
			<referrer name="CreateGroup"/>
			<dependency name="active"/>
			<dependency name="groupinfo"/>
		</member>
		<member name="M:GetPlayerName" syntax="GetPlayerName(playerid, name[], len)">
			<attribute name="native"/>
			<referrer name="cmd_groupinvite"/>
			<referrer name="cmd_groupjoin"/>
			<referrer name="cmd_groupmessage"/>
			<referrer name="DisplayGroupMembers"/>
			<referrer name="GroupJoin"/>
			<referrer name="LeaveGroup"/>
			<referrer name="ChangeMemberOrder"/>
			<param name="playerid">
			</param>
			<param name="name">
				<paraminfo> [] </paraminfo>
			</param>
			<param name="len">
			</param>
		</member>
		<member name="M:GroupCheck" syntax="GroupCheck(groupid, orderid)">
			<stacksize value="6"/>
			<referrer name="LeaveGroup"/>
			<dependency name="ChangeMemberOrder"/>
			<dependency name="GroupMembers"/>
			<dependency name="active"/>
			<dependency name="groupinfo"/>
			<dependency name="groupinfo"/>
			<param name="groupid">
			</param>
			<param name="orderid">
			</param>
		</member>
		<member name="M:GroupInvite" syntax="GroupInvite(playerid, groupid)">
			<stacksize value="1"/>
			<dependency name="group"/>
			<dependency name="group"/>
			<dependency name="invited"/>
			<param name="playerid">
			</param>
			<param name="groupid">
			</param>
		</member>
		<member name="M:GroupJoin" syntax="GroupJoin(playerid, groupi)">
			<stacksize value="161"/>
			<referrer name="cmd_groupinvite"/>
			<referrer name="cmd_groupjoin"/>
			<dependency name="GetPlayerName"/>
			<dependency name="GroupMembers"/>
			<dependency name="SendClientMessage"/>
			<dependency name="SendMessageToAllGroupMembers"/>
			<dependency name="attemptjoin"/>
			<dependency name="format"/>
			<dependency name="gid"/>
			<dependency name="grname"/>
			<dependency name="group"/>
			<dependency name="group"/>
			<dependency name="groupinfo"/>
			<dependency name="groupinfo"/>
			<dependency name="invited"/>
			<dependency name="order"/>
			<param name="playerid">
			</param>
			<param name="groupi">
			</param>
		</member>
		<member name="M:GroupMembers" syntax="GroupMembers(groupid)">
			<stacksize value="3"/>
			<referrer name="cmd_groupleader"/>
			<referrer name="GroupJoin"/>
			<referrer name="GroupCheck"/>
			<dependency name="active"/>
			<dependency name="gid"/>
			<dependency name="group"/>
			<dependency name="groupinfo"/>
			<param name="groupid">
			</param>
		</member>
		<member name="M:IsGroupTaken" syntax="IsGroupTaken(grpname[])">
			<stacksize value="7"/>
			<referrer name="cmd_groupcreate"/>
			<dependency name="active"/>
			<dependency name="grname"/>
			<dependency name="groupinfo"/>
			<dependency name="strcmp"/>
			<dependency name="strlen"/>
			<dependency name="true"/>
			<param name="grpname">
				<paraminfo> [] </paraminfo>
			</param>
		</member>
		<member name="M:IsPlayerConnected" syntax="IsPlayerConnected(playerid)">
			<attribute name="native"/>
			<referrer name="cmd_groupinvite"/>
			<referrer name="cmd_groupleader"/>
			<referrer name="cmd_groupkick"/>
			<param name="playerid">
			</param>
		</member>
		<member name="M:LeaveGroup" syntax="LeaveGroup(playerid, reason)">
			<stacksize value="133"/>
			<referrer name="OnPlayerDisconnect"/>
			<referrer name="cmd_groupleave"/>
			<referrer name="cmd_groupkick"/>
			<dependency name="GetPlayerName"/>
			<dependency name="GroupCheck"/>
			<dependency name="SendClientMessage"/>
			<dependency name="SendMessageToAllGroupMembers"/>
			<dependency name="format"/>
			<dependency name="gid"/>
			<dependency name="group"/>
			<dependency name="group"/>
			<dependency name="order"/>
			<param name="playerid">
			</param>
			<param name="reason">
			</param>
		</member>
		<member name="M:ListGroups" syntax="ListGroups(playerid)">
			<stacksize value="265"/>
			<referrer name="cmd_groups"/>
			<dependency name="SendClientMessage"/>
			<dependency name="active"/>
			<dependency name="format"/>
			<dependency name="grname"/>
			<dependency name="groupinfo"/>
			<dependency name="groupinfo"/>
			<param name="playerid">
			</param>
		</member>
		<member name="M:OnActorStreamIn" syntax="OnActorStreamIn(actorid, forplayerid)">
			<stacksize value="1"/>
			<param name="actorid">
			</param>
			<param name="forplayerid">
			</param>
		</member>
		<member name="M:OnActorStreamOut" syntax="OnActorStreamOut(actorid, forplayerid)">
			<stacksize value="1"/>
			<param name="actorid">
			</param>
			<param name="forplayerid">
			</param>
		</member>
		<member name="M:OnDialogResponse" syntax="OnDialogResponse(playerid, dialogid, response, listitem, inputtext[])">
			<stacksize value="1"/>
			<param name="playerid">
			</param>
			<param name="dialogid">
			</param>
			<param name="response">
			</param>
			<param name="listitem">
			</param>
			<param name="inputtext">
				<paraminfo> [] </paraminfo>
			</param>
		</member>
		<member name="M:OnEnterExitModShop" syntax="OnEnterExitModShop(playerid, enterexit, interiorid)">
			<stacksize value="1"/>
			<param name="playerid">
			</param>
			<param name="enterexit">
			</param>
			<param name="interiorid">
			</param>
		</member>
		<member name="M:OnFilterScriptExit" syntax="OnFilterScriptExit()">
			<stacksize value="1"/>
		</member>
		<member name="M:OnFilterScriptInit" syntax="OnFilterScriptInit()">
			<attribute name="public"/>
			<stacksize value="2"/>
			<dependency name="attemptjoin"/>
			<dependency name="gid"/>
			<dependency name="group"/>
			<dependency name="group"/>
			<dependency name="invited"/>
			<dependency name="order"/>
		</member>
		<member name="M:OnGameModeExit" syntax="OnGameModeExit()">
			<stacksize value="1"/>
		</member>
		<member name="M:OnGameModeInit" syntax="OnGameModeInit()">
			<attribute name="public"/>
			<stacksize value="4"/>
			<dependency name="CallLocalFunction"/>
			<dependency name="funcidx"/>
			<dependency name="zcmd_g_HasOPCE"/>
			<dependency name="zcmd_g_HasOPCS"/>
		</member>
		<member name="M:OnIncomingConnection" syntax="OnIncomingConnection(playerid, ip_address[], port)">
			<stacksize value="1"/>
			<param name="playerid">
			</param>
			<param name="ip_address">
				<paraminfo> [] </paraminfo>
			</param>
			<param name="port">
			</param>
		</member>
		<member name="M:OnObjectMoved" syntax="OnObjectMoved(objectid)">
			<stacksize value="1"/>
			<param name="objectid">
			</param>
		</member>
		<member name="M:OnPlayerClickMap" syntax="OnPlayerClickMap(playerid, fX, fY, fZ)">
			<stacksize value="1"/>
			<param name="playerid">
			</param>
			<param name="fX">
				<paraminfo>Float </paraminfo>
			</param>
			<param name="fY">
				<paraminfo>Float </paraminfo>
			</param>
			<param name="fZ">
				<paraminfo>Float </paraminfo>
			</param>
		</member>
		<member name="M:OnPlayerClickPlayer" syntax="OnPlayerClickPlayer(playerid, clickedplayerid, source)">
			<stacksize value="1"/>
			<param name="playerid">
			</param>
			<param name="clickedplayerid">
			</param>
			<param name="source">
			</param>
		</member>
		<member name="M:OnPlayerClickPlayerTextDraw" syntax="OnPlayerClickPlayerTextDraw(playerid, playertextid)">
			<stacksize value="1"/>
			<param name="playerid">
			</param>
			<param name="playertextid">
				<paraminfo>PlayerText </paraminfo>
			</param>
		</member>
		<member name="M:OnPlayerClickTextDraw" syntax="OnPlayerClickTextDraw(playerid, clickedid)">
			<stacksize value="1"/>
			<param name="playerid">
			</param>
			<param name="clickedid">
				<paraminfo>Text </paraminfo>
			</param>
		</member>
		<member name="M:OnPlayerCommandPerformed" syntax="OnPlayerCommandPerformed(playerid, cmdtext[], success)">
			<stacksize value="1"/>
			<param name="playerid">
			</param>
			<param name="cmdtext">
				<paraminfo> [] </paraminfo>
			</param>
			<param name="success">
			</param>
		</member>
		<member name="M:OnPlayerCommandReceived" syntax="OnPlayerCommandReceived(playerid, cmdtext[])">
			<stacksize value="1"/>
			<param name="playerid">
			</param>
			<param name="cmdtext">
				<paraminfo> [] </paraminfo>
			</param>
		</member>
		<member name="M:OnPlayerCommandText" syntax="OnPlayerCommandText(playerid, cmdtext[])">
			<attribute name="public"/>
			<stacksize value="43"/>
			<dependency name="CallLocalFunction"/>
			<dependency name="format"/>
			<dependency name="tolower"/>
			<dependency name="zcmd_g_HasOPCE"/>
			<dependency name="zcmd_g_HasOPCS"/>
			<param name="playerid">
			</param>
			<param name="cmdtext">
				<paraminfo> [] </paraminfo>
			</param>
		</member>
		<member name="M:OnPlayerConnect" syntax="OnPlayerConnect(playerid)">
			<attribute name="public"/>
			<stacksize value="1"/>
			<dependency name="attemptjoin"/>
			<dependency name="gid"/>
			<dependency name="group"/>
			<dependency name="group"/>
			<dependency name="invited"/>
			<param name="playerid">
			</param>
		</member>
		<member name="M:OnPlayerDeath" syntax="OnPlayerDeath(playerid, killerid, reason)">
			<stacksize value="1"/>
			<param name="playerid">
			</param>
			<param name="killerid">
			</param>
			<param name="reason">
			</param>
		</member>
		<member name="M:OnPlayerDisconnect" syntax="OnPlayerDisconnect(playerid, reason)">
			<attribute name="public"/>
			<stacksize value="5"/>
			<dependency name="LeaveGroup"/>
			<param name="playerid">
			</param>
			<param name="reason">
			</param>
		</member>
		<member name="M:OnPlayerEditAttachedObject" syntax="OnPlayerEditAttachedObject(playerid, response, index, modelid, boneid, fOffsetX, fOffsetY, fOffsetZ, fRotX, fRotY, fRotZ, fScaleX, fScaleY, fScaleZ)">
			<stacksize value="1"/>
			<param name="playerid">
			</param>
			<param name="response">
			</param>
			<param name="index">
			</param>
			<param name="modelid">
			</param>
			<param name="boneid">
			</param>
			<param name="fOffsetX">
				<paraminfo>Float </paraminfo>
			</param>
			<param name="fOffsetY">
				<paraminfo>Float </paraminfo>
			</param>
			<param name="fOffsetZ">
				<paraminfo>Float </paraminfo>
			</param>
			<param name="fRotX">
				<paraminfo>Float </paraminfo>
			</param>
			<param name="fRotY">
				<paraminfo>Float </paraminfo>
			</param>
			<param name="fRotZ">
				<paraminfo>Float </paraminfo>
			</param>
			<param name="fScaleX">
				<paraminfo>Float </paraminfo>
			</param>
			<param name="fScaleY">
				<paraminfo>Float </paraminfo>
			</param>
			<param name="fScaleZ">
				<paraminfo>Float </paraminfo>
			</param>
		</member>
		<member name="M:OnPlayerEditObject" syntax="OnPlayerEditObject(playerid, playerobject, objectid, response, fX, fY, fZ, fRotX, fRotY, fRotZ)">
			<stacksize value="1"/>
			<param name="playerid">
			</param>
			<param name="playerobject">
			</param>
			<param name="objectid">
			</param>
			<param name="response">
			</param>
			<param name="fX">
				<paraminfo>Float </paraminfo>
			</param>
			<param name="fY">
				<paraminfo>Float </paraminfo>
			</param>
			<param name="fZ">
				<paraminfo>Float </paraminfo>
			</param>
			<param name="fRotX">
				<paraminfo>Float </paraminfo>
			</param>
			<param name="fRotY">
				<paraminfo>Float </paraminfo>
			</param>
			<param name="fRotZ">
				<paraminfo>Float </paraminfo>
			</param>
		</member>
		<member name="M:OnPlayerEnterCheckpoint" syntax="OnPlayerEnterCheckpoint(playerid)">
			<stacksize value="1"/>
			<param name="playerid">
			</param>
		</member>
		<member name="M:OnPlayerEnterRaceCheckpoint" syntax="OnPlayerEnterRaceCheckpoint(playerid)">
			<stacksize value="1"/>
			<param name="playerid">
			</param>
		</member>
		<member name="M:OnPlayerEnterVehicle" syntax="OnPlayerEnterVehicle(playerid, vehicleid, ispassenger)">
			<stacksize value="1"/>
			<param name="playerid">
			</param>
			<param name="vehicleid">
			</param>
			<param name="ispassenger">
			</param>
		</member>
		<member name="M:OnPlayerExitVehicle" syntax="OnPlayerExitVehicle(playerid, vehicleid)">
			<stacksize value="1"/>
			<param name="playerid">
			</param>
			<param name="vehicleid">
			</param>
		</member>
		<member name="M:OnPlayerExitedMenu" syntax="OnPlayerExitedMenu(playerid)">
			<stacksize value="1"/>
			<param name="playerid">
			</param>
		</member>
		<member name="M:OnPlayerGiveDamage" syntax="OnPlayerGiveDamage(playerid, damagedid, amount, weaponid, bodypart)">
			<stacksize value="1"/>
			<param name="playerid">
			</param>
			<param name="damagedid">
			</param>
			<param name="amount">
				<paraminfo>Float </paraminfo>
			</param>
			<param name="weaponid">
			</param>
			<param name="bodypart">
			</param>
		</member>
		<member name="M:OnPlayerGiveDamageActor" syntax="OnPlayerGiveDamageActor(playerid, damaged_actorid, amount, weaponid, bodypart)">
			<stacksize value="1"/>
			<param name="playerid">
			</param>
			<param name="damaged_actorid">
			</param>
			<param name="amount">
				<paraminfo>Float </paraminfo>
			</param>
			<param name="weaponid">
			</param>
			<param name="bodypart">
			</param>
		</member>
		<member name="M:OnPlayerInteriorChange" syntax="OnPlayerInteriorChange(playerid, newinteriorid, oldinteriorid)">
			<stacksize value="1"/>
			<param name="playerid">
			</param>
			<param name="newinteriorid">
			</param>
			<param name="oldinteriorid">
			</param>
		</member>
		<member name="M:OnPlayerKeyStateChange" syntax="OnPlayerKeyStateChange(playerid, newkeys, oldkeys)">
			<stacksize value="1"/>
			<param name="playerid">
			</param>
			<param name="newkeys">
			</param>
			<param name="oldkeys">
			</param>
		</member>
		<member name="M:OnPlayerLeaveCheckpoint" syntax="OnPlayerLeaveCheckpoint(playerid)">
			<stacksize value="1"/>
			<param name="playerid">
			</param>
		</member>
		<member name="M:OnPlayerLeaveRaceCheckpoint" syntax="OnPlayerLeaveRaceCheckpoint(playerid)">
			<stacksize value="1"/>
			<param name="playerid">
			</param>
		</member>
		<member name="M:OnPlayerObjectMoved" syntax="OnPlayerObjectMoved(playerid, objectid)">
			<stacksize value="1"/>
			<param name="playerid">
			</param>
			<param name="objectid">
			</param>
		</member>
		<member name="M:OnPlayerPickUpPickup" syntax="OnPlayerPickUpPickup(playerid, pickupid)">
			<stacksize value="1"/>
			<param name="playerid">
			</param>
			<param name="pickupid">
			</param>
		</member>
		<member name="M:OnPlayerRequestClass" syntax="OnPlayerRequestClass(playerid, classid)">
			<stacksize value="1"/>
			<param name="playerid">
			</param>
			<param name="classid">
			</param>
		</member>
		<member name="M:OnPlayerRequestSpawn" syntax="OnPlayerRequestSpawn(playerid)">
			<stacksize value="1"/>
			<param name="playerid">
			</param>
		</member>
		<member name="M:OnPlayerSelectObject" syntax="OnPlayerSelectObject(playerid, type, objectid, modelid, fX, fY, fZ)">
			<stacksize value="1"/>
			<param name="playerid">
			</param>
			<param name="type">
			</param>
			<param name="objectid">
			</param>
			<param name="modelid">
			</param>
			<param name="fX">
				<paraminfo>Float </paraminfo>
			</param>
			<param name="fY">
				<paraminfo>Float </paraminfo>
			</param>
			<param name="fZ">
				<paraminfo>Float </paraminfo>
			</param>
		</member>
		<member name="M:OnPlayerSelectedMenuRow" syntax="OnPlayerSelectedMenuRow(playerid, row)">
			<stacksize value="1"/>
			<param name="playerid">
			</param>
			<param name="row">
			</param>
		</member>
		<member name="M:OnPlayerSpawn" syntax="OnPlayerSpawn(playerid)">
			<stacksize value="1"/>
			<param name="playerid">
			</param>
		</member>
		<member name="M:OnPlayerStateChange" syntax="OnPlayerStateChange(playerid, newstate, oldstate)">
			<stacksize value="1"/>
			<param name="playerid">
			</param>
			<param name="newstate">
			</param>
			<param name="oldstate">
			</param>
		</member>
		<member name="M:OnPlayerStreamIn" syntax="OnPlayerStreamIn(playerid, forplayerid)">
			<stacksize value="1"/>
			<param name="playerid">
			</param>
			<param name="forplayerid">
			</param>
		</member>
		<member name="M:OnPlayerStreamOut" syntax="OnPlayerStreamOut(playerid, forplayerid)">
			<stacksize value="1"/>
			<param name="playerid">
			</param>
			<param name="forplayerid">
			</param>
		</member>
		<member name="M:OnPlayerTakeDamage" syntax="OnPlayerTakeDamage(playerid, issuerid, amount, weaponid, bodypart)">
			<stacksize value="1"/>
			<param name="playerid">
			</param>
			<param name="issuerid">
			</param>
			<param name="amount">
				<paraminfo>Float </paraminfo>
			</param>
			<param name="weaponid">
			</param>
			<param name="bodypart">
			</param>
		</member>
		<member name="M:OnPlayerText" syntax="OnPlayerText(playerid, text[])">
			<stacksize value="1"/>
			<param name="playerid">
			</param>
			<param name="text">
				<paraminfo> [] </paraminfo>
			</param>
		</member>
		<member name="M:OnPlayerUpdate" syntax="OnPlayerUpdate(playerid)">
			<stacksize value="1"/>
			<param name="playerid">
			</param>
		</member>
		<member name="M:OnPlayerWeaponShot" syntax="OnPlayerWeaponShot(playerid, weaponid, hittype, hitid, fX, fY, fZ)">
			<stacksize value="1"/>
			<param name="playerid">
			</param>
			<param name="weaponid">
			</param>
			<param name="hittype">
			</param>
			<param name="hitid">
			</param>
			<param name="fX">
				<paraminfo>Float </paraminfo>
			</param>
			<param name="fY">
				<paraminfo>Float </paraminfo>
			</param>
			<param name="fZ">
				<paraminfo>Float </paraminfo>
			</param>
		</member>
		<member name="M:OnRconCommand" syntax="OnRconCommand(cmd[])">
			<stacksize value="1"/>
			<param name="cmd">
				<paraminfo> [] </paraminfo>
			</param>
		</member>
		<member name="M:OnRconLoginAttempt" syntax="OnRconLoginAttempt(ip[], password[], success)">
			<stacksize value="1"/>
			<param name="ip">
				<paraminfo> [] </paraminfo>
			</param>
			<param name="password">
				<paraminfo> [] </paraminfo>
			</param>
			<param name="success">
			</param>
		</member>
		<member name="M:OnTrailerUpdate" syntax="OnTrailerUpdate(playerid, vehicleid)">
			<stacksize value="1"/>
			<param name="playerid">
			</param>
			<param name="vehicleid">
			</param>
		</member>
		<member name="M:OnUnoccupiedVehicleUpdate" syntax="OnUnoccupiedVehicleUpdate(vehicleid, playerid, passenger_seat, new_x, new_y, new_z, vel_x, vel_y, vel_z)">
			<stacksize value="1"/>
			<param name="vehicleid">
			</param>
			<param name="playerid">
			</param>
			<param name="passenger_seat">
			</param>
			<param name="new_x">
				<paraminfo>Float </paraminfo>
			</param>
			<param name="new_y">
				<paraminfo>Float </paraminfo>
			</param>
			<param name="new_z">
				<paraminfo>Float </paraminfo>
			</param>
			<param name="vel_x">
				<paraminfo>Float </paraminfo>
			</param>
			<param name="vel_y">
				<paraminfo>Float </paraminfo>
			</param>
			<param name="vel_z">
				<paraminfo>Float </paraminfo>
			</param>
		</member>
		<member name="M:OnVehicleDamageStatusUpdate" syntax="OnVehicleDamageStatusUpdate(vehicleid, playerid)">
			<stacksize value="1"/>
			<param name="vehicleid">
			</param>
			<param name="playerid">
			</param>
		</member>
		<member name="M:OnVehicleDeath" syntax="OnVehicleDeath(vehicleid, killerid)">
			<stacksize value="1"/>
			<param name="vehicleid">
			</param>
			<param name="killerid">
			</param>
		</member>
		<member name="M:OnVehicleMod" syntax="OnVehicleMod(playerid, vehicleid, componentid)">
			<stacksize value="1"/>
			<param name="playerid">
			</param>
			<param name="vehicleid">
			</param>
			<param name="componentid">
			</param>
		</member>
		<member name="M:OnVehiclePaintjob" syntax="OnVehiclePaintjob(playerid, vehicleid, paintjobid)">
			<stacksize value="1"/>
			<param name="playerid">
			</param>
			<param name="vehicleid">
			</param>
			<param name="paintjobid">
			</param>
		</member>
		<member name="M:OnVehicleRespray" syntax="OnVehicleRespray(playerid, vehicleid, color1, color2)">
			<stacksize value="1"/>
			<param name="playerid">
			</param>
			<param name="vehicleid">
			</param>
			<param name="color1">
			</param>
			<param name="color2">
			</param>
		</member>
		<member name="M:OnVehicleSirenStateChange" syntax="OnVehicleSirenStateChange(playerid, vehicleid, newstate)">
			<stacksize value="1"/>
			<param name="playerid">
			</param>
			<param name="vehicleid">
			</param>
			<param name="newstate">
			</param>
		</member>
		<member name="M:OnVehicleSpawn" syntax="OnVehicleSpawn(vehicleid)">
			<stacksize value="1"/>
			<param name="vehicleid">
			</param>
		</member>
		<member name="M:OnVehicleStreamIn" syntax="OnVehicleStreamIn(vehicleid, forplayerid)">
			<stacksize value="1"/>
			<param name="vehicleid">
			</param>
			<param name="forplayerid">
			</param>
		</member>
		<member name="M:OnVehicleStreamOut" syntax="OnVehicleStreamOut(vehicleid, forplayerid)">
			<stacksize value="1"/>
			<param name="vehicleid">
			</param>
			<param name="forplayerid">
			</param>
		</member>
		<member name="M:SendClientMessage" syntax="SendClientMessage(playerid, color, message[])">
			<attribute name="native"/>
			<referrer name="cmd_groupcreate"/>
			<referrer name="cmd_groupleave"/>
			<referrer name="cmd_groupinvite"/>
			<referrer name="cmd_groupleader"/>
			<referrer name="cmd_groupjoin"/>
			<referrer name="cmd_groupkick"/>
			<referrer name="cmd_groupmessage"/>
			<referrer name="cmd_grouplist"/>
			<referrer name="DisplayGroupMembers"/>
			<referrer name="ListGroups"/>
			<referrer name="SendMessageToLeader"/>
			<referrer name="GroupJoin"/>
			<referrer name="CreateGroup"/>
			<referrer name="LeaveGroup"/>
			<referrer name="SendMessageToAllGroupMembers"/>
			<param name="playerid">
			</param>
			<param name="color">
			</param>
			<param name="message">
				<paraminfo> [] </paraminfo>
			</param>
		</member>
		<member name="M:SendMessageToAllGroupMembers" syntax="SendMessageToAllGroupMembers(groupid, message[])">
			<stacksize value="6"/>
			<referrer name="cmd_groupmessage"/>
			<referrer name="GroupJoin"/>
			<referrer name="LeaveGroup"/>
			<referrer name="ChangeMemberOrder"/>
			<dependency name="SendClientMessage"/>
			<dependency name="active"/>
			<dependency name="gid"/>
			<dependency name="group"/>
			<dependency name="groupinfo"/>
			<param name="groupid">
			</param>
			<param name="message">
				<paraminfo> [] </paraminfo>
			</param>
		</member>
		<member name="M:SendMessageToLeader" syntax="SendMessageToLeader(groupi, message[])">
			<stacksize value="5"/>
			<referrer name="cmd_groupjoin"/>
			<dependency name="SendClientMessage"/>
			<dependency name="groupinfo"/>
			<dependency name="leader"/>
			<param name="groupi">
			</param>
			<param name="message">
				<paraminfo> [] </paraminfo>
			</param>
		</member>
		<member name="M:cmd_gm" syntax="cmd_gm(playerid, params[])">
			<attribute name="public"/>
			<stacksize value="5"/>
			<dependency name="cmd_groupmessage"/>
			<param name="playerid">
			</param>
			<param name="params">
				<paraminfo> [] </paraminfo>
			</param>
		</member>
		<member name="M:cmd_grc" syntax="cmd_grc(playerid, params[])">
			<attribute name="public"/>
			<stacksize value="5"/>
			<dependency name="cmd_groupcreate"/>
			<param name="playerid">
			</param>
			<param name="params">
				<paraminfo> [] </paraminfo>
			</param>
		</member>
		<member name="M:cmd_gri" syntax="cmd_gri(playerid, params[])">
			<attribute name="public"/>
			<stacksize value="5"/>
			<dependency name="cmd_groupinvite"/>
			<param name="playerid">
			</param>
			<param name="params">
				<paraminfo> [] </paraminfo>
			</param>
		</member>
		<member name="M:cmd_grj" syntax="cmd_grj(playerid, params[])">
			<attribute name="public"/>
			<stacksize value="5"/>
			<dependency name="cmd_groupjoin"/>
			<param name="playerid">
			</param>
			<param name="params">
				<paraminfo> [] </paraminfo>
			</param>
		</member>
		<member name="M:cmd_grk" syntax="cmd_grk(playerid, params[])">
			<attribute name="public"/>
			<stacksize value="5"/>
			<dependency name="cmd_groupkick"/>
			<param name="playerid">
			</param>
			<param name="params">
				<paraminfo> [] </paraminfo>
			</param>
		</member>
		<member name="M:cmd_grl" syntax="cmd_grl(playerid, params[])">
			<attribute name="public"/>
			<stacksize value="5"/>
			<dependency name="cmd_groupleave"/>
			<param name="playerid">
			</param>
			<param name="params">
				<paraminfo> [] </paraminfo>
			</param>
		</member>
		<member name="M:cmd_grlead" syntax="cmd_grlead(playerid, params[])">
			<attribute name="public"/>
			<stacksize value="5"/>
			<dependency name="cmd_groupleader"/>
			<param name="playerid">
			</param>
			<param name="params">
				<paraminfo> [] </paraminfo>
			</param>
		</member>
		<member name="M:cmd_grlist" syntax="cmd_grlist(playerid, params[])">
			<attribute name="public"/>
			<stacksize value="5"/>
			<dependency name="cmd_grouplist"/>
			<param name="playerid">
			</param>
			<param name="params">
				<paraminfo> [] </paraminfo>
			</param>
		</member>
		<member name="M:cmd_groupcreate" syntax="cmd_groupcreate(playerid, params[])">
			<attribute name="public"/>
			<stacksize value="5"/>
			<referrer name="cmd_grc"/>
			<dependency name="CreateGroup"/>
			<dependency name="IsGroupTaken"/>
			<dependency name="SendClientMessage"/>
			<dependency name="gid"/>
			<dependency name="group"/>
			<dependency name="strlen"/>
			<param name="playerid">
			</param>
			<param name="params">
				<paraminfo> [] </paraminfo>
			</param>
		</member>
		<member name="M:cmd_groupinvite" syntax="cmd_groupinvite(playerid, params[])">
			<attribute name="public"/>
			<stacksize value="160"/>
			<referrer name="cmd_gri"/>
			<dependency name="GetPlayerName"/>
			<dependency name="GroupJoin"/>
			<dependency name="IsPlayerConnected"/>
			<dependency name="SendClientMessage"/>
			<dependency name="attemptjoin"/>
			<dependency name="format"/>
			<dependency name="gid"/>
			<dependency name="grname"/>
			<dependency name="group"/>
			<dependency name="group"/>
			<dependency name="groupinfo"/>
			<dependency name="groupinfo"/>
			<dependency name="invited"/>
			<dependency name="order"/>
			<dependency name="strval"/>
			<param name="playerid">
			</param>
			<param name="params">
				<paraminfo> [] </paraminfo>
			</param>
		</member>
		<member name="M:cmd_groupjoin" syntax="cmd_groupjoin(playerid, params[])">
			<attribute name="public"/>
			<stacksize value="158"/>
			<referrer name="cmd_grj"/>
			<dependency name="GetPlayerName"/>
			<dependency name="GroupJoin"/>
			<dependency name="SendClientMessage"/>
			<dependency name="SendMessageToLeader"/>
			<dependency name="active"/>
			<dependency name="attemptjoin"/>
			<dependency name="format"/>
			<dependency name="gid"/>
			<dependency name="grname"/>
			<dependency name="group"/>
			<dependency name="group"/>
			<dependency name="groupinfo"/>
			<dependency name="groupinfo"/>
			<dependency name="invited"/>
			<dependency name="strval"/>
			<param name="playerid">
			</param>
			<param name="params">
				<paraminfo> [] </paraminfo>
			</param>
		</member>
		<member name="M:cmd_groupkick" syntax="cmd_groupkick(playerid, params[])">
			<attribute name="public"/>
			<stacksize value="6"/>
			<referrer name="cmd_grk"/>
			<dependency name="IsPlayerConnected"/>
			<dependency name="LeaveGroup"/>
			<dependency name="SendClientMessage"/>
			<dependency name="gid"/>
			<dependency name="group"/>
			<dependency name="order"/>
			<dependency name="strval"/>
			<param name="playerid">
			</param>
			<param name="params">
				<paraminfo> [] </paraminfo>
			</param>
		</member>
		<member name="M:cmd_groupleader" syntax="cmd_groupleader(playerid, params[])">
			<attribute name="public"/>
			<stacksize value="6"/>
			<referrer name="cmd_grlead"/>
			<dependency name="ChangeMemberOrder"/>
			<dependency name="GroupMembers"/>
			<dependency name="IsPlayerConnected"/>
			<dependency name="SendClientMessage"/>
			<dependency name="gid"/>
			<dependency name="group"/>
			<dependency name="group"/>
			<dependency name="order"/>
			<dependency name="strval"/>
			<param name="playerid">
			</param>
			<param name="params">
				<paraminfo> [] </paraminfo>
			</param>
		</member>
		<member name="M:cmd_groupleave" syntax="cmd_groupleave(playerid, params[])">
			<attribute name="public"/>
			<stacksize value="5"/>
			<referrer name="cmd_grl"/>
			<dependency name="LeaveGroup"/>
			<dependency name="SendClientMessage"/>
			<dependency name="gid"/>
			<dependency name="group"/>
			<param name="playerid">
			</param>
			<param name="params">
				<paraminfo> [] </paraminfo>
			</param>
		</member>
		<member name="M:cmd_grouplist" syntax="cmd_grouplist(playerid, params[])">
			<attribute name="public"/>
			<stacksize value="6"/>
			<referrer name="cmd_grlist"/>
			<dependency name="DisplayGroupMembers"/>
			<dependency name="SendClientMessage"/>
			<dependency name="active"/>
			<dependency name="gid"/>
			<dependency name="group"/>
			<dependency name="groupinfo"/>
			<dependency name="strval"/>
			<param name="playerid">
			</param>
			<param name="params">
				<paraminfo> [] </paraminfo>
			</param>
		</member>
		<member name="M:cmd_groupmessage" syntax="cmd_groupmessage(playerid, params[])">
			<attribute name="public"/>
			<stacksize value="196"/>
			<referrer name="cmd_gm"/>
			<dependency name="GetPlayerName"/>
			<dependency name="SendClientMessage"/>
			<dependency name="SendMessageToAllGroupMembers"/>
			<dependency name="format"/>
			<dependency name="gid"/>
			<dependency name="group"/>
			<param name="playerid">
			</param>
			<param name="params">
				<paraminfo> [] </paraminfo>
			</param>
		</member>
		<member name="M:cmd_groups" syntax="cmd_groups(playerid, params[])">
			<attribute name="public"/>
			<stacksize value="4"/>
			<dependency name="ListGroups"/>
			<param name="playerid">
			</param>
			<param name="params">
				<paraminfo> [] </paraminfo>
			</param>
		</member>
		<member name="M:float" syntax="float(value)">
			<tagname value="Float"/>
			<attribute name="native"/>
			<referrer name="operator*(Float:,_:)"/>
			<referrer name="operator/(Float:,_:)"/>
			<referrer name="operator/(_:,Float:)"/>
			<referrer name="operator+(Float:,_:)"/>
			<referrer name="operator-(Float:,_:)"/>
			<referrer name="operator-(_:,Float:)"/>
			<referrer name="operator==(Float:,_:)"/>
			<referrer name="operator!=(Float:,_:)"/>
			<referrer name="operator&gt;(Float:,_:)"/>
			<referrer name="operator&gt;(_:,Float:)"/>
			<referrer name="operator&gt;=(Float:,_:)"/>
			<referrer name="operator&gt;=(_:,Float:)"/>
			<referrer name="operator&lt;(Float:,_:)"/>
			<referrer name="operator&lt;(_:,Float:)"/>
			<referrer name="operator&lt;=(Float:,_:)"/>
			<referrer name="operator&lt;=(_:,Float:)"/>
			<param name="value">
			</param>
		</member>
		<member name="M:floatadd" syntax="floatadd(oper1, oper2)">
			<tagname value="Float"/>
			<attribute name="native"/>
			<referrer name="operator+(Float:,_:)"/>
			<param name="oper1">
				<paraminfo>Float </paraminfo>
			</param>
			<param name="oper2">
				<paraminfo>Float </paraminfo>
			</param>
		</member>
		<member name="M:floatcmp" syntax="floatcmp(oper1, oper2)">
			<attribute name="native"/>
			<referrer name="operator==(Float:,Float:)"/>
			<referrer name="operator==(Float:,_:)"/>
			<referrer name="operator!=(Float:,Float:)"/>
			<referrer name="operator!=(Float:,_:)"/>
			<referrer name="operator&gt;(Float:,Float:)"/>
			<referrer name="operator&gt;(Float:,_:)"/>
			<referrer name="operator&gt;(_:,Float:)"/>
			<referrer name="operator&gt;=(Float:,Float:)"/>
			<referrer name="operator&gt;=(Float:,_:)"/>
			<referrer name="operator&gt;=(_:,Float:)"/>
			<referrer name="operator&lt;(Float:,Float:)"/>
			<referrer name="operator&lt;(Float:,_:)"/>
			<referrer name="operator&lt;(_:,Float:)"/>
			<referrer name="operator&lt;=(Float:,Float:)"/>
			<referrer name="operator&lt;=(Float:,_:)"/>
			<referrer name="operator&lt;=(_:,Float:)"/>
			<param name="oper1">
				<paraminfo>Float </paraminfo>
			</param>
			<param name="oper2">
				<paraminfo>Float </paraminfo>
			</param>
		</member>
		<member name="M:floatdiv" syntax="floatdiv(dividend, divisor)">
			<tagname value="Float"/>
			<attribute name="native"/>
			<referrer name="operator/(Float:,_:)"/>
			<referrer name="operator/(_:,Float:)"/>
			<param name="dividend">
				<paraminfo>Float </paraminfo>
			</param>
			<param name="divisor">
				<paraminfo>Float </paraminfo>
			</param>
		</member>
		<member name="M:floatmul" syntax="floatmul(oper1, oper2)">
			<tagname value="Float"/>
			<attribute name="native"/>
			<referrer name="operator*(Float:,_:)"/>
			<param name="oper1">
				<paraminfo>Float </paraminfo>
			</param>
			<param name="oper2">
				<paraminfo>Float </paraminfo>
			</param>
		</member>
		<member name="M:floatsub" syntax="floatsub(oper1, oper2)">
			<tagname value="Float"/>
			<attribute name="native"/>
			<referrer name="operator-(Float:,_:)"/>
			<referrer name="operator-(_:,Float:)"/>
			<param name="oper1">
				<paraminfo>Float </paraminfo>
			</param>
			<param name="oper2">
				<paraminfo>Float </paraminfo>
			</param>
		</member>
		<member name="M:format" syntax="format(output[], len, format[], ...)">
			<attribute name="native"/>
			<referrer name="OnPlayerCommandText"/>
			<referrer name="cmd_groupinvite"/>
			<referrer name="cmd_groupjoin"/>
			<referrer name="cmd_groupmessage"/>
			<referrer name="DisplayGroupMembers"/>
			<referrer name="ListGroups"/>
			<referrer name="GroupJoin"/>
			<referrer name="CreateGroup"/>
			<referrer name="LeaveGroup"/>
			<referrer name="ChangeMemberOrder"/>
			<param name="output">
				<paraminfo> [] </paraminfo>
			</param>
			<param name="len">
			</param>
			<param name="format">
				<paraminfo> [] </paraminfo>
			</param>
			<param name="...">
				<paraminfo> {Float,_} </paraminfo>
			</param>
		</member>
		<member name="M:funcidx" syntax="funcidx(name[])">
			<attribute name="native"/>
			<referrer name="OnGameModeInit"/>
			<param name="name">
				<paraminfo> [] </paraminfo>
			</param>
		</member>
		<member name="M:strcmp" syntax="strcmp(string1[], string2[], ignorecase, length)">
			<attribute name="native"/>
			<referrer name="IsGroupTaken"/>
			<param name="string1">
				<paraminfo> [] </paraminfo>
			</param>
			<param name="string2">
				<paraminfo> [] </paraminfo>
			</param>
			<param name="ignorecase">
				<paraminfo>bool </paraminfo>
			</param>
			<param name="length">
			</param>
		</member>
		<member name="M:strdel" syntax="strdel(string[], start, end)">
			<tagname value="bool"/>
			<attribute name="native"/>
			<referrer name="DisplayGroupMembers"/>
			<param name="string">
				<paraminfo> [] </paraminfo>
			</param>
			<param name="start">
			</param>
			<param name="end">
			</param>
		</member>
		<member name="M:strlen" syntax="strlen(string[])">
			<attribute name="native"/>
			<referrer name="cmd_groupcreate"/>
			<referrer name="DisplayGroupMembers"/>
			<referrer name="IsGroupTaken"/>
			<param name="string">
				<paraminfo> [] </paraminfo>
			</param>
		</member>
		<member name="M:strval" syntax="strval(string[])">
			<attribute name="native"/>
			<referrer name="cmd_groupinvite"/>
			<referrer name="cmd_groupleader"/>
			<referrer name="cmd_groupjoin"/>
			<referrer name="cmd_groupkick"/>
			<referrer name="cmd_grouplist"/>
			<param name="string">
				<paraminfo> [] </paraminfo>
			</param>
		</member>
		<member name="M:tolower" syntax="tolower(c)">
			<attribute name="native"/>
			<referrer name="OnPlayerCommandText"/>
			<param name="c">
			</param>
		</member>
		<member name="M:zcmd_OnGameModeInit" syntax="zcmd_OnGameModeInit()">
			<stacksize value="1"/>
		</member>
		<member name="M:zcmd_OnPlayerCommandText" syntax="zcmd_OnPlayerCommandText(playerid, cmdtext[])">
			<stacksize value="1"/>
			<param name="playerid">
			</param>
			<param name="cmdtext">
				<paraminfo> [] </paraminfo>
			</param>
		</member>

	</members>
</doc>
