<?xml version="1.0" encoding="ISO-8859-1"?>
<?xml-stylesheet href="file:///C|/Users/Acer/Desktop/Zombies VS Humans V1.1/pawno/xml/pawndoc.xsl" type="text/xsl"?>
<doc source="TransSys1.pwn">
	<assembly>
		<name>TransSys1.pwn</name>
	</assembly>
	<members>

		<!-- enumerations -->

		<!-- constants -->
		<member name="C:cellmax" value="2147483647">
			<referrer name="operator!(Float:)"/>
		</member>
		<member name="C:cellmin" value="-2147483648">
			<referrer name="operator-(Float:)"/>
		</member>
		<member name="C:false" value="0">
			<tagname value="bool"/>
			<referrer name="OnPlayerDisconnect"/>
		</member>
		<member name="C:true" value="1">
			<tagname value="bool"/>
		</member>

		<!-- variables -->
		<member name="F:Bot@YSII_Ag">
			<referrer name="OnPlayerConnect"/>
			<referrer name="OnFilterScriptInit"/>
			<referrer name="OnGameModeInit"/>
			<referrer name="Iter_OPDCInternal"/>
		</member>
		<member name="F:Bot@YSII_Cg">
			<tagname value="_Y_ITER_C3"/>
			<referrer name="OnFilterScriptInit"/>
			<referrer name="OnGameModeInit"/>
		</member>
		<member name="F:COUNTER">
			<referrer name="TransMission"/>
		</member>
		<member name="F:Character@YSII_Ag">
			<referrer name="OnPlayerConnect"/>
			<referrer name="OnFilterScriptInit"/>
			<referrer name="OnGameModeInit"/>
			<referrer name="Iter_OPDCInternal"/>
		</member>
		<member name="F:Character@YSII_Cg">
			<tagname value="_Y_ITER_C3"/>
			<referrer name="OnFilterScriptInit"/>
			<referrer name="OnGameModeInit"/>
		</member>
		<member name="F:Player@YSII_Ag">
			<referrer name="OnPlayerConnect"/>
			<referrer name="OnFilterScriptInit"/>
			<referrer name="OnGameModeInit"/>
			<referrer name="Iter_OPDCInternal"/>
			<referrer name="TransMission"/>
		</member>
		<member name="F:Player@YSII_Cg">
			<tagname value="_Y_ITER_C3"/>
			<referrer name="OnFilterScriptInit"/>
			<referrer name="OnGameModeInit"/>
		</member>
		<member name="F:Streamer_IncludeFileVersion">
			<attribute name="public"/>
		</member>
		<member name="F:YSI_g_sCallbacks">
			<referrer name="OnPlayerConnect"/>
			<referrer name="OnFilterScriptInit"/>
			<referrer name="OnGameModeInit"/>
			<referrer name="OnPlayerDisconnect"/>
		</member>
		<member name="F:YSI_gsOnGameModeInit">
			<referrer name="OnGameModeInit"/>
		</member>
		<member name="F:YSI_gsOnPlayerConnect">
			<referrer name="OnPlayerConnect"/>
			<referrer name="OnFilterScriptInit"/>
			<referrer name="OnGameModeInit"/>
		</member>
		<member name="F:YSI_gsOnPlayerDisconnect">
			<referrer name="OnFilterScriptInit"/>
			<referrer name="OnGameModeInit"/>
			<referrer name="OnPlayerDisconnect"/>
		</member>
		<member name="F:YSI_gsSpecifier@">
			<referrer name="OnFilterScriptInit"/>
			<referrer name="OnGameModeInit"/>
		</member>
		<member name="F:YSI_gsSpecifier@i">
			<referrer name="OnPlayerConnect"/>
			<referrer name="OnPlayerDisconnect"/>
		</member>

		<!-- functions -->
		<member name="M:operator!(Float:)" syntax="operator!(Float:)(oper)">
			<tagname value="bool"/>
			<stacksize value="1"/>
			<dependency name="cellmax"/>
			<param name="oper">
				<paraminfo>Float </paraminfo>
			</param>
		</member>
		<member name="M:operator%(_:,Float:)" syntax="operator%(_:,Float:)(oper1, oper2)">
			<stacksize value="1"/>
			<param name="oper1">
			</param>
			<param name="oper2">
				<paraminfo>Float </paraminfo>
			</param>
		</member>
		<member name="M:operator%(Float:,_:)" syntax="operator%(Float:,_:)(oper1, oper2)">
			<stacksize value="1"/>
			<param name="oper1">
				<paraminfo>Float </paraminfo>
			</param>
			<param name="oper2">
			</param>
		</member>
		<member name="M:operator%(Float:,Float:)" syntax="operator%(Float:,Float:)(oper1, oper2)">
			<stacksize value="1"/>
			<param name="oper1">
				<paraminfo>Float </paraminfo>
			</param>
			<param name="oper2">
				<paraminfo>Float </paraminfo>
			</param>
		</member>
		<member name="M:operator!=(Float:,_:)" syntax="operator!=(Float:,_:)(oper1, oper2)">
			<tagname value="bool"/>
			<stacksize value="4"/>
			<dependency name="float"/>
			<dependency name="floatcmp"/>
			<param name="oper1">
				<paraminfo>Float </paraminfo>
			</param>
			<param name="oper2">
			</param>
		</member>
		<member name="M:operator!=(Float:,Float:)" syntax="operator!=(Float:,Float:)(oper1, oper2)">
			<tagname value="bool"/>
			<stacksize value="4"/>
			<dependency name="floatcmp"/>
			<param name="oper1">
				<paraminfo>Float </paraminfo>
			</param>
			<param name="oper2">
				<paraminfo>Float </paraminfo>
			</param>
		</member>
		<member name="M:operator-(_:,Float:)" syntax="operator-(_:,Float:)(oper1, oper2)">
			<tagname value="Float"/>
			<stacksize value="4"/>
			<dependency name="float"/>
			<dependency name="floatsub"/>
			<param name="oper1">
			</param>
			<param name="oper2">
				<paraminfo>Float </paraminfo>
			</param>
		</member>
		<member name="M:operator-(Float:,_:)" syntax="operator-(Float:,_:)(oper1, oper2)">
			<tagname value="Float"/>
			<stacksize value="4"/>
			<dependency name="float"/>
			<dependency name="floatsub"/>
			<param name="oper1">
				<paraminfo>Float </paraminfo>
			</param>
			<param name="oper2">
			</param>
		</member>
		<member name="M:operator+(Float:,_:)" syntax="operator+(Float:,_:)(oper1, oper2)">
			<tagname value="Float"/>
			<stacksize value="4"/>
			<dependency name="float"/>
			<dependency name="floatadd"/>
			<param name="oper1">
				<paraminfo>Float </paraminfo>
			</param>
			<param name="oper2">
			</param>
		</member>
		<member name="M:operator/(_:,Float:)" syntax="operator/(_:,Float:)(oper1, oper2)">
			<tagname value="Float"/>
			<stacksize value="4"/>
			<dependency name="float"/>
			<dependency name="floatdiv"/>
			<param name="oper1">
			</param>
			<param name="oper2">
				<paraminfo>Float </paraminfo>
			</param>
		</member>
		<member name="M:operator/(Float:,_:)" syntax="operator/(Float:,_:)(oper1, oper2)">
			<tagname value="Float"/>
			<stacksize value="4"/>
			<dependency name="float"/>
			<dependency name="floatdiv"/>
			<param name="oper1">
				<paraminfo>Float </paraminfo>
			</param>
			<param name="oper2">
			</param>
		</member>
		<member name="M:operator*(Float:,_:)" syntax="operator*(Float:,_:)(oper1, oper2)">
			<tagname value="Float"/>
			<stacksize value="4"/>
			<dependency name="float"/>
			<dependency name="floatmul"/>
			<param name="oper1">
				<paraminfo>Float </paraminfo>
			</param>
			<param name="oper2">
			</param>
		</member>
		<member name="M:operator++(Float:)" syntax="operator++(Float:)(oper)">
			<tagname value="Float"/>
			<stacksize value="1"/>
			<dependency name="operator+(Float:,Float:)"/>
			<param name="oper">
				<paraminfo>Float </paraminfo>
			</param>
		</member>
		<member name="M:operator-(Float:)" syntax="operator-(Float:)(oper)">
			<tagname value="Float"/>
			<stacksize value="1"/>
			<dependency name="cellmin"/>
			<param name="oper">
				<paraminfo>Float </paraminfo>
			</param>
		</member>
		<member name="M:operator--(Float:)" syntax="operator--(Float:)(oper)">
			<tagname value="Float"/>
			<stacksize value="1"/>
			<dependency name="operator-(Float:,Float:)"/>
			<param name="oper">
				<paraminfo>Float </paraminfo>
			</param>
		</member>
		<member name="M:operator-(Float:,Float:)" syntax="operator-(Float:,Float:)(oper1, oper2)">
			<tagname value="Float"/>
			<attribute name="native"/>
			<referrer name="operator--(Float:)"/>
			<param name="oper1">
				<paraminfo>Float </paraminfo>
			</param>
			<param name="oper2">
				<paraminfo>Float </paraminfo>
			</param>
		</member>
		<member name="M:operator+(Float:,Float:)" syntax="operator+(Float:,Float:)(oper1, oper2)">
			<tagname value="Float"/>
			<attribute name="native"/>
			<referrer name="operator++(Float:)"/>
			<param name="oper1">
				<paraminfo>Float </paraminfo>
			</param>
			<param name="oper2">
				<paraminfo>Float </paraminfo>
			</param>
		</member>
		<member name="M:operator==(Float:,Float:)" syntax="operator==(Float:,Float:)(oper1, oper2)">
			<tagname value="bool"/>
			<stacksize value="4"/>
			<dependency name="floatcmp"/>
			<param name="oper1">
				<paraminfo>Float </paraminfo>
			</param>
			<param name="oper2">
				<paraminfo>Float </paraminfo>
			</param>
		</member>
		<member name="M:operator==(Float:,_:)" syntax="operator==(Float:,_:)(oper1, oper2)">
			<tagname value="bool"/>
			<stacksize value="4"/>
			<dependency name="float"/>
			<dependency name="floatcmp"/>
			<param name="oper1">
				<paraminfo>Float </paraminfo>
			</param>
			<param name="oper2">
			</param>
		</member>
		<member name="M:operator&gt;(Float:,Float:)" syntax="operator&gt;(Float:,Float:)(oper1, oper2)">
			<tagname value="bool"/>
			<stacksize value="4"/>
			<dependency name="floatcmp"/>
			<param name="oper1">
				<paraminfo>Float </paraminfo>
			</param>
			<param name="oper2">
				<paraminfo>Float </paraminfo>
			</param>
		</member>
		<member name="M:operator&gt;(Float:,_:)" syntax="operator&gt;(Float:,_:)(oper1, oper2)">
			<tagname value="bool"/>
			<stacksize value="4"/>
			<dependency name="float"/>
			<dependency name="floatcmp"/>
			<param name="oper1">
				<paraminfo>Float </paraminfo>
			</param>
			<param name="oper2">
			</param>
		</member>
		<member name="M:operator&gt;(_:,Float:)" syntax="operator&gt;(_:,Float:)(oper1, oper2)">
			<tagname value="bool"/>
			<stacksize value="4"/>
			<dependency name="float"/>
			<dependency name="floatcmp"/>
			<param name="oper1">
			</param>
			<param name="oper2">
				<paraminfo>Float </paraminfo>
			</param>
		</member>
		<member name="M:operator&gt;=(Float:,Float:)" syntax="operator&gt;=(Float:,Float:)(oper1, oper2)">
			<tagname value="bool"/>
			<stacksize value="4"/>
			<dependency name="floatcmp"/>
			<param name="oper1">
				<paraminfo>Float </paraminfo>
			</param>
			<param name="oper2">
				<paraminfo>Float </paraminfo>
			</param>
		</member>
		<member name="M:operator&gt;=(Float:,_:)" syntax="operator&gt;=(Float:,_:)(oper1, oper2)">
			<tagname value="bool"/>
			<stacksize value="4"/>
			<dependency name="float"/>
			<dependency name="floatcmp"/>
			<param name="oper1">
				<paraminfo>Float </paraminfo>
			</param>
			<param name="oper2">
			</param>
		</member>
		<member name="M:operator&gt;=(_:,Float:)" syntax="operator&gt;=(_:,Float:)(oper1, oper2)">
			<tagname value="bool"/>
			<stacksize value="4"/>
			<dependency name="float"/>
			<dependency name="floatcmp"/>
			<param name="oper1">
			</param>
			<param name="oper2">
				<paraminfo>Float </paraminfo>
			</param>
		</member>
		<member name="M:operator&lt;(Float:,Float:)" syntax="operator&lt;(Float:,Float:)(oper1, oper2)">
			<tagname value="bool"/>
			<stacksize value="4"/>
			<dependency name="floatcmp"/>
			<param name="oper1">
				<paraminfo>Float </paraminfo>
			</param>
			<param name="oper2">
				<paraminfo>Float </paraminfo>
			</param>
		</member>
		<member name="M:operator&lt;(Float:,_:)" syntax="operator&lt;(Float:,_:)(oper1, oper2)">
			<tagname value="bool"/>
			<stacksize value="4"/>
			<dependency name="float"/>
			<dependency name="floatcmp"/>
			<param name="oper1">
				<paraminfo>Float </paraminfo>
			</param>
			<param name="oper2">
			</param>
		</member>
		<member name="M:operator&lt;(_:,Float:)" syntax="operator&lt;(_:,Float:)(oper1, oper2)">
			<tagname value="bool"/>
			<stacksize value="4"/>
			<dependency name="float"/>
			<dependency name="floatcmp"/>
			<param name="oper1">
			</param>
			<param name="oper2">
				<paraminfo>Float </paraminfo>
			</param>
		</member>
		<member name="M:operator&lt;=(Float:,Float:)" syntax="operator&lt;=(Float:,Float:)(oper1, oper2)">
			<tagname value="bool"/>
			<stacksize value="4"/>
			<dependency name="floatcmp"/>
			<param name="oper1">
				<paraminfo>Float </paraminfo>
			</param>
			<param name="oper2">
				<paraminfo>Float </paraminfo>
			</param>
		</member>
		<member name="M:operator&lt;=(Float:,_:)" syntax="operator&lt;=(Float:,_:)(oper1, oper2)">
			<tagname value="bool"/>
			<stacksize value="4"/>
			<dependency name="float"/>
			<dependency name="floatcmp"/>
			<param name="oper1">
				<paraminfo>Float </paraminfo>
			</param>
			<param name="oper2">
			</param>
		</member>
		<member name="M:operator&lt;=(_:,Float:)" syntax="operator&lt;=(_:,Float:)(oper1, oper2)">
			<tagname value="bool"/>
			<stacksize value="4"/>
			<dependency name="float"/>
			<dependency name="floatcmp"/>
			<param name="oper1">
			</param>
			<param name="oper2">
				<paraminfo>Float </paraminfo>
			</param>
		</member>
		<member name="M:@receivepacket" syntax="@receivepacket(packet[], size, source[])">
			<attribute name="public"/>
			<stacksize value="1"/>
			<param name="packet">
				<paraminfo> [] </paraminfo>
			</param>
			<param name="size">
			</param>
			<param name="source">
				<paraminfo> [] </paraminfo>
			</param>
		</member>
		<member name="M:@receivestring" syntax="@receivestring(message[], source[])">
			<attribute name="public"/>
			<stacksize value="1"/>
			<param name="message">
				<paraminfo> [] </paraminfo>
			</param>
			<param name="source">
				<paraminfo> [] </paraminfo>
			</param>
		</member>
		<member name="M:CallLocalFunction" syntax="CallLocalFunction(function[], format[], ...)">
			<attribute name="native"/>
			<referrer name="OnPlayerConnect"/>
			<referrer name="OnFilterScriptInit"/>
			<referrer name="OnGameModeInit"/>
			<referrer name="OnPlayerDisconnect"/>
			<param name="function">
				<paraminfo> [] </paraminfo>
			</param>
			<param name="format">
				<paraminfo> [] </paraminfo>
			</param>
			<param name="...">
				<paraminfo> {Float,_} </paraminfo>
			</param>
		</member>
		<member name="M:IsPlayerConnected" syntax="IsPlayerConnected(playerid)">
			<attribute name="native"/>
			<referrer name="OnFilterScriptInit"/>
			<referrer name="OnGameModeInit"/>
			<referrer name="Iter_OPDCInternal"/>
			<param name="playerid">
			</param>
		</member>
		<member name="M:IsPlayerNPC" syntax="IsPlayerNPC(playerid)">
			<attribute name="native"/>
			<referrer name="OnPlayerConnect"/>
			<referrer name="OnFilterScriptInit"/>
			<referrer name="OnGameModeInit"/>
			<referrer name="Iter_OPDCInternal"/>
			<param name="playerid">
			</param>
		</member>
		<member name="M:Iter_AddInternal" syntax="Iter_AddInternal(&amp;count, array[], value, size)">
			<stacksize value="3"/>
			<referrer name="OnPlayerConnect"/>
			<param name="count">
				<paraminfo> &amp; </paraminfo>
			</param>
			<param name="array">
				<paraminfo> [] </paraminfo>
			</param>
			<param name="value">
			</param>
			<param name="size">
			</param>
		</member>
		<member name="M:Iter_ClearInternal" syntax="Iter_ClearInternal(&amp;count, array[], size)">
			<stacksize value="3"/>
			<param name="count">
				<paraminfo> &amp; </paraminfo>
			</param>
			<param name="array">
				<paraminfo> [] </paraminfo>
			</param>
			<param name="size">
			</param>
		</member>
		<member name="M:Iter_ContainsInternal" syntax="Iter_ContainsInternal(array[], value, size)">
			<stacksize value="1"/>
			<param name="array">
				<paraminfo> [] </paraminfo>
			</param>
			<param name="value">
			</param>
			<param name="size">
			</param>
		</member>
		<member name="M:Iter_FreeInternal" syntax="Iter_FreeInternal(array[], size)">
			<stacksize value="2"/>
			<param name="array">
				<paraminfo> [] </paraminfo>
			</param>
			<param name="size">
			</param>
		</member>
		<member name="M:Iter_InitInternal" syntax="Iter_InitInternal(arr[][], s0, s1)">
			<stacksize value="4"/>
			<param name="arr">
				<paraminfo> [][] </paraminfo>
			</param>
			<param name="s0">
			</param>
			<param name="s1">
			</param>
		</member>
		<member name="M:Iter_OPDCInternal" syntax="Iter_OPDCInternal(playerid)">
			<attribute name="public"/>
			<stacksize value="7"/>
			<dependency name="Bot@YSII_Ag"/>
			<dependency name="Character@YSII_Ag"/>
			<dependency name="IsPlayerConnected"/>
			<dependency name="IsPlayerNPC"/>
			<dependency name="Iter_RemoveInternal"/>
			<dependency name="Player@YSII_Ag"/>
			<param name="playerid">
			</param>
		</member>
		<member name="M:Iter_OnFilterScriptInit" syntax="Iter_OnFilterScriptInit()">
			<attribute name="public"/>
			<stacksize value="5"/>
			<dependency name="SetTimer"/>
			<dependency name="print"/>
		</member>
		<member name="M:Iter_OnGameModeInit" syntax="Iter_OnGameModeInit()">
			<stacksize value="1"/>
		</member>
		<member name="M:Iter_OnPlayerConnect" syntax="Iter_OnPlayerConnect(playerid)">
			<attribute name="public"/>
			<stacksize value="4"/>
			<dependency name="SendClientMessageToAll"/>
			<param name="playerid">
			</param>
		</member>
		<member name="M:Iter_OnPlayerDisconnect" syntax="Iter_OnPlayerDisconnect(playerid, reason)">
			<stacksize value="1"/>
			<param name="playerid">
			</param>
			<param name="reason">
			</param>
		</member>
		<member name="M:Iter_PrevInternal" syntax="Iter_PrevInternal(array[], size, slot)">
			<stacksize value="2"/>
			<param name="array">
				<paraminfo> [] </paraminfo>
			</param>
			<param name="size">
			</param>
			<param name="slot">
			</param>
		</member>
		<member name="M:Iter_RandomInternal" syntax="Iter_RandomInternal(count, array[], size)">
			<stacksize value="4"/>
			<dependency name="random"/>
			<param name="count">
			</param>
			<param name="array">
				<paraminfo> [] </paraminfo>
			</param>
			<param name="size">
			</param>
		</member>
		<member name="M:Iter_RemoveInternal" syntax="Iter_RemoveInternal(&amp;count, array[], value, size)">
			<stacksize value="9"/>
			<referrer name="Iter_OPDCInternal"/>
			<dependency name="Iter_SafeRemoveInternal"/>
			<param name="count">
				<paraminfo> &amp; </paraminfo>
			</param>
			<param name="array">
				<paraminfo> [] </paraminfo>
			</param>
			<param name="value">
			</param>
			<param name="size">
			</param>
		</member>
		<member name="M:Iter_SafeRemoveInternal" syntax="Iter_SafeRemoveInternal(&amp;count, array[], value, &amp;last, size)">
			<stacksize value="2"/>
			<referrer name="Iter_RemoveInternal"/>
			<param name="count">
				<paraminfo> &amp; </paraminfo>
			</param>
			<param name="array">
				<paraminfo> [] </paraminfo>
			</param>
			<param name="value">
			</param>
			<param name="last">
				<paraminfo> &amp; </paraminfo>
			</param>
			<param name="size">
			</param>
		</member>
		<member name="M:OnActorStreamIn" syntax="OnActorStreamIn(actorid, forplayerid)">
			<stacksize value="1"/>
			<param name="actorid">
			</param>
			<param name="forplayerid">
			</param>
		</member>
		<member name="M:OnActorStreamOut" syntax="OnActorStreamOut(actorid, forplayerid)">
			<stacksize value="1"/>
			<param name="actorid">
			</param>
			<param name="forplayerid">
			</param>
		</member>
		<member name="M:OnDialogResponse" syntax="OnDialogResponse(playerid, dialogid, response, listitem, inputtext[])">
			<stacksize value="1"/>
			<param name="playerid">
			</param>
			<param name="dialogid">
			</param>
			<param name="response">
			</param>
			<param name="listitem">
			</param>
			<param name="inputtext">
				<paraminfo> [] </paraminfo>
			</param>
		</member>
		<member name="M:OnDynamicObjectMoved" syntax="OnDynamicObjectMoved(objectid)">
			<stacksize value="1"/>
			<param name="objectid">
			</param>
		</member>
		<member name="M:OnEnterExitModShop" syntax="OnEnterExitModShop(playerid, enterexit, interiorid)">
			<stacksize value="1"/>
			<param name="playerid">
			</param>
			<param name="enterexit">
			</param>
			<param name="interiorid">
			</param>
		</member>
		<member name="M:OnFilterScriptExit" syntax="OnFilterScriptExit()">
			<stacksize value="1"/>
		</member>
		<member name="M:OnFilterScriptInit" syntax="OnFilterScriptInit()">
			<attribute name="public"/>
			<stacksize value="7"/>
			<dependency name="Bot@YSII_Ag"/>
			<dependency name="Bot@YSII_Cg"/>
			<dependency name="CallLocalFunction"/>
			<dependency name="Character@YSII_Ag"/>
			<dependency name="Character@YSII_Cg"/>
			<dependency name="IsPlayerConnected"/>
			<dependency name="IsPlayerNPC"/>
			<dependency name="Player@YSII_Ag"/>
			<dependency name="Player@YSII_Cg"/>
			<dependency name="YSI_g_sCallbacks"/>
			<dependency name="YSI_gsOnPlayerConnect"/>
			<dependency name="YSI_gsOnPlayerDisconnect"/>
			<dependency name="YSI_gsSpecifier@"/>
			<dependency name="funcidx"/>
		</member>
		<member name="M:OnGameModeExit" syntax="OnGameModeExit()">
			<stacksize value="1"/>
		</member>
		<member name="M:OnGameModeInit" syntax="OnGameModeInit()">
			<attribute name="public"/>
			<stacksize value="7"/>
			<dependency name="Bot@YSII_Ag"/>
			<dependency name="Bot@YSII_Cg"/>
			<dependency name="CallLocalFunction"/>
			<dependency name="Character@YSII_Ag"/>
			<dependency name="Character@YSII_Cg"/>
			<dependency name="IsPlayerConnected"/>
			<dependency name="IsPlayerNPC"/>
			<dependency name="Player@YSII_Ag"/>
			<dependency name="Player@YSII_Cg"/>
			<dependency name="YSI_g_sCallbacks"/>
			<dependency name="YSI_gsOnGameModeInit"/>
			<dependency name="YSI_gsOnPlayerConnect"/>
			<dependency name="YSI_gsOnPlayerDisconnect"/>
			<dependency name="YSI_gsSpecifier@"/>
			<dependency name="funcidx"/>
		</member>
		<member name="M:OnIncomingConnection" syntax="OnIncomingConnection(playerid, ip_address[], port)">
			<stacksize value="1"/>
			<param name="playerid">
			</param>
			<param name="ip_address">
				<paraminfo> [] </paraminfo>
			</param>
			<param name="port">
			</param>
		</member>
		<member name="M:OnObjectMoved" syntax="OnObjectMoved(objectid)">
			<stacksize value="1"/>
			<param name="objectid">
			</param>
		</member>
		<member name="M:OnPlayerClickMap" syntax="OnPlayerClickMap(playerid, fX, fY, fZ)">
			<stacksize value="1"/>
			<param name="playerid">
			</param>
			<param name="fX">
				<paraminfo>Float </paraminfo>
			</param>
			<param name="fY">
				<paraminfo>Float </paraminfo>
			</param>
			<param name="fZ">
				<paraminfo>Float </paraminfo>
			</param>
		</member>
		<member name="M:OnPlayerClickPlayer" syntax="OnPlayerClickPlayer(playerid, clickedplayerid, source)">
			<stacksize value="1"/>
			<param name="playerid">
			</param>
			<param name="clickedplayerid">
			</param>
			<param name="source">
			</param>
		</member>
		<member name="M:OnPlayerClickPlayerTextDraw" syntax="OnPlayerClickPlayerTextDraw(playerid, playertextid)">
			<stacksize value="1"/>
			<param name="playerid">
			</param>
			<param name="playertextid">
				<paraminfo>PlayerText </paraminfo>
			</param>
		</member>
		<member name="M:OnPlayerClickTextDraw" syntax="OnPlayerClickTextDraw(playerid, clickedid)">
			<stacksize value="1"/>
			<param name="playerid">
			</param>
			<param name="clickedid">
				<paraminfo>Text </paraminfo>
			</param>
		</member>
		<member name="M:OnPlayerCommandText" syntax="OnPlayerCommandText(playerid, cmdtext[])">
			<stacksize value="1"/>
			<param name="playerid">
			</param>
			<param name="cmdtext">
				<paraminfo> [] </paraminfo>
			</param>
		</member>
		<member name="M:OnPlayerConnect" syntax="OnPlayerConnect(playerid)">
			<attribute name="public"/>
			<stacksize value="7"/>
			<dependency name="Bot@YSII_Ag"/>
			<dependency name="CallLocalFunction"/>
			<dependency name="Character@YSII_Ag"/>
			<dependency name="IsPlayerNPC"/>
			<dependency name="Iter_AddInternal"/>
			<dependency name="Player@YSII_Ag"/>
			<dependency name="YSI_g_sCallbacks"/>
			<dependency name="YSI_gsOnPlayerConnect"/>
			<dependency name="YSI_gsSpecifier@i"/>
			<param name="playerid">
			</param>
		</member>
		<member name="M:OnPlayerDeath" syntax="OnPlayerDeath(playerid, killerid, reason)">
			<stacksize value="1"/>
			<param name="playerid">
			</param>
			<param name="killerid">
			</param>
			<param name="reason">
			</param>
		</member>
		<member name="M:OnPlayerDisconnect" syntax="OnPlayerDisconnect(playerid, reason)">
			<attribute name="public"/>
			<stacksize value="7"/>
			<dependency name="CallLocalFunction"/>
			<dependency name="SetTimerEx"/>
			<dependency name="YSI_g_sCallbacks"/>
			<dependency name="YSI_gsOnPlayerDisconnect"/>
			<dependency name="YSI_gsSpecifier@i"/>
			<dependency name="false"/>
			<param name="playerid">
			</param>
			<param name="reason">
			</param>
		</member>
		<member name="M:OnPlayerEditAttachedObject" syntax="OnPlayerEditAttachedObject(playerid, response, index, modelid, boneid, fOffsetX, fOffsetY, fOffsetZ, fRotX, fRotY, fRotZ, fScaleX, fScaleY, fScaleZ)">
			<stacksize value="1"/>
			<param name="playerid">
			</param>
			<param name="response">
			</param>
			<param name="index">
			</param>
			<param name="modelid">
			</param>
			<param name="boneid">
			</param>
			<param name="fOffsetX">
				<paraminfo>Float </paraminfo>
			</param>
			<param name="fOffsetY">
				<paraminfo>Float </paraminfo>
			</param>
			<param name="fOffsetZ">
				<paraminfo>Float </paraminfo>
			</param>
			<param name="fRotX">
				<paraminfo>Float </paraminfo>
			</param>
			<param name="fRotY">
				<paraminfo>Float </paraminfo>
			</param>
			<param name="fRotZ">
				<paraminfo>Float </paraminfo>
			</param>
			<param name="fScaleX">
				<paraminfo>Float </paraminfo>
			</param>
			<param name="fScaleY">
				<paraminfo>Float </paraminfo>
			</param>
			<param name="fScaleZ">
				<paraminfo>Float </paraminfo>
			</param>
		</member>
		<member name="M:OnPlayerEditDynamicObject" syntax="OnPlayerEditDynamicObject(playerid, objectid, response, x, y, z, rx, ry, rz)">
			<stacksize value="1"/>
			<param name="playerid">
			</param>
			<param name="objectid">
			</param>
			<param name="response">
			</param>
			<param name="x">
				<paraminfo>Float </paraminfo>
			</param>
			<param name="y">
				<paraminfo>Float </paraminfo>
			</param>
			<param name="z">
				<paraminfo>Float </paraminfo>
			</param>
			<param name="rx">
				<paraminfo>Float </paraminfo>
			</param>
			<param name="ry">
				<paraminfo>Float </paraminfo>
			</param>
			<param name="rz">
				<paraminfo>Float </paraminfo>
			</param>
		</member>
		<member name="M:OnPlayerEditObject" syntax="OnPlayerEditObject(playerid, playerobject, objectid, response, fX, fY, fZ, fRotX, fRotY, fRotZ)">
			<stacksize value="1"/>
			<param name="playerid">
			</param>
			<param name="playerobject">
			</param>
			<param name="objectid">
			</param>
			<param name="response">
			</param>
			<param name="fX">
				<paraminfo>Float </paraminfo>
			</param>
			<param name="fY">
				<paraminfo>Float </paraminfo>
			</param>
			<param name="fZ">
				<paraminfo>Float </paraminfo>
			</param>
			<param name="fRotX">
				<paraminfo>Float </paraminfo>
			</param>
			<param name="fRotY">
				<paraminfo>Float </paraminfo>
			</param>
			<param name="fRotZ">
				<paraminfo>Float </paraminfo>
			</param>
		</member>
		<member name="M:OnPlayerEnterCheckpoint" syntax="OnPlayerEnterCheckpoint(playerid)">
			<stacksize value="1"/>
			<param name="playerid">
			</param>
		</member>
		<member name="M:OnPlayerEnterDynamicArea" syntax="OnPlayerEnterDynamicArea(playerid, areaid)">
			<stacksize value="1"/>
			<param name="playerid">
			</param>
			<param name="areaid">
			</param>
		</member>
		<member name="M:OnPlayerEnterDynamicCP" syntax="OnPlayerEnterDynamicCP(playerid, checkpointid)">
			<stacksize value="1"/>
			<param name="playerid">
			</param>
			<param name="checkpointid">
			</param>
		</member>
		<member name="M:OnPlayerEnterDynamicRaceCP" syntax="OnPlayerEnterDynamicRaceCP(playerid, checkpointid)">
			<stacksize value="1"/>
			<param name="playerid">
			</param>
			<param name="checkpointid">
			</param>
		</member>
		<member name="M:OnPlayerEnterRaceCheckpoint" syntax="OnPlayerEnterRaceCheckpoint(playerid)">
			<stacksize value="1"/>
			<param name="playerid">
			</param>
		</member>
		<member name="M:OnPlayerEnterVehicle" syntax="OnPlayerEnterVehicle(playerid, vehicleid, ispassenger)">
			<stacksize value="1"/>
			<param name="playerid">
			</param>
			<param name="vehicleid">
			</param>
			<param name="ispassenger">
			</param>
		</member>
		<member name="M:OnPlayerExitVehicle" syntax="OnPlayerExitVehicle(playerid, vehicleid)">
			<stacksize value="1"/>
			<param name="playerid">
			</param>
			<param name="vehicleid">
			</param>
		</member>
		<member name="M:OnPlayerExitedMenu" syntax="OnPlayerExitedMenu(playerid)">
			<stacksize value="1"/>
			<param name="playerid">
			</param>
		</member>
		<member name="M:OnPlayerGiveDamage" syntax="OnPlayerGiveDamage(playerid, damagedid, amount, weaponid, bodypart)">
			<stacksize value="1"/>
			<param name="playerid">
			</param>
			<param name="damagedid">
			</param>
			<param name="amount">
				<paraminfo>Float </paraminfo>
			</param>
			<param name="weaponid">
			</param>
			<param name="bodypart">
			</param>
		</member>
		<member name="M:OnPlayerGiveDamageActor" syntax="OnPlayerGiveDamageActor(playerid, damaged_actorid, amount, weaponid, bodypart)">
			<stacksize value="1"/>
			<param name="playerid">
			</param>
			<param name="damaged_actorid">
			</param>
			<param name="amount">
				<paraminfo>Float </paraminfo>
			</param>
			<param name="weaponid">
			</param>
			<param name="bodypart">
			</param>
		</member>
		<member name="M:OnPlayerInteriorChange" syntax="OnPlayerInteriorChange(playerid, newinteriorid, oldinteriorid)">
			<stacksize value="1"/>
			<param name="playerid">
			</param>
			<param name="newinteriorid">
			</param>
			<param name="oldinteriorid">
			</param>
		</member>
		<member name="M:OnPlayerKeyStateChange" syntax="OnPlayerKeyStateChange(playerid, newkeys, oldkeys)">
			<stacksize value="1"/>
			<param name="playerid">
			</param>
			<param name="newkeys">
			</param>
			<param name="oldkeys">
			</param>
		</member>
		<member name="M:OnPlayerLeaveCheckpoint" syntax="OnPlayerLeaveCheckpoint(playerid)">
			<stacksize value="1"/>
			<param name="playerid">
			</param>
		</member>
		<member name="M:OnPlayerLeaveDynamicArea" syntax="OnPlayerLeaveDynamicArea(playerid, areaid)">
			<stacksize value="1"/>
			<param name="playerid">
			</param>
			<param name="areaid">
			</param>
		</member>
		<member name="M:OnPlayerLeaveDynamicCP" syntax="OnPlayerLeaveDynamicCP(playerid, checkpointid)">
			<stacksize value="1"/>
			<param name="playerid">
			</param>
			<param name="checkpointid">
			</param>
		</member>
		<member name="M:OnPlayerLeaveDynamicRaceCP" syntax="OnPlayerLeaveDynamicRaceCP(playerid, checkpointid)">
			<stacksize value="1"/>
			<param name="playerid">
			</param>
			<param name="checkpointid">
			</param>
		</member>
		<member name="M:OnPlayerLeaveRaceCheckpoint" syntax="OnPlayerLeaveRaceCheckpoint(playerid)">
			<stacksize value="1"/>
			<param name="playerid">
			</param>
		</member>
		<member name="M:OnPlayerObjectMoved" syntax="OnPlayerObjectMoved(playerid, objectid)">
			<stacksize value="1"/>
			<param name="playerid">
			</param>
			<param name="objectid">
			</param>
		</member>
		<member name="M:OnPlayerPickUpDynamicPickup" syntax="OnPlayerPickUpDynamicPickup(playerid, pickupid)">
			<stacksize value="1"/>
			<param name="playerid">
			</param>
			<param name="pickupid">
			</param>
		</member>
		<member name="M:OnPlayerPickUpPickup" syntax="OnPlayerPickUpPickup(playerid, pickupid)">
			<stacksize value="1"/>
			<param name="playerid">
			</param>
			<param name="pickupid">
			</param>
		</member>
		<member name="M:OnPlayerRequestClass" syntax="OnPlayerRequestClass(playerid, classid)">
			<stacksize value="1"/>
			<param name="playerid">
			</param>
			<param name="classid">
			</param>
		</member>
		<member name="M:OnPlayerRequestSpawn" syntax="OnPlayerRequestSpawn(playerid)">
			<stacksize value="1"/>
			<param name="playerid">
			</param>
		</member>
		<member name="M:OnPlayerSelectDynamicObject" syntax="OnPlayerSelectDynamicObject(playerid, objectid, modelid, x, y, z)">
			<stacksize value="1"/>
			<param name="playerid">
			</param>
			<param name="objectid">
			</param>
			<param name="modelid">
			</param>
			<param name="x">
				<paraminfo>Float </paraminfo>
			</param>
			<param name="y">
				<paraminfo>Float </paraminfo>
			</param>
			<param name="z">
				<paraminfo>Float </paraminfo>
			</param>
		</member>
		<member name="M:OnPlayerSelectObject" syntax="OnPlayerSelectObject(playerid, type, objectid, modelid, fX, fY, fZ)">
			<stacksize value="1"/>
			<param name="playerid">
			</param>
			<param name="type">
			</param>
			<param name="objectid">
			</param>
			<param name="modelid">
			</param>
			<param name="fX">
				<paraminfo>Float </paraminfo>
			</param>
			<param name="fY">
				<paraminfo>Float </paraminfo>
			</param>
			<param name="fZ">
				<paraminfo>Float </paraminfo>
			</param>
		</member>
		<member name="M:OnPlayerSelectedMenuRow" syntax="OnPlayerSelectedMenuRow(playerid, row)">
			<stacksize value="1"/>
			<param name="playerid">
			</param>
			<param name="row">
			</param>
		</member>
		<member name="M:OnPlayerShootDynamicObject" syntax="OnPlayerShootDynamicObject(playerid, weaponid, objectid, x, y, z)">
			<stacksize value="1"/>
			<param name="playerid">
			</param>
			<param name="weaponid">
			</param>
			<param name="objectid">
			</param>
			<param name="x">
				<paraminfo>Float </paraminfo>
			</param>
			<param name="y">
				<paraminfo>Float </paraminfo>
			</param>
			<param name="z">
				<paraminfo>Float </paraminfo>
			</param>
		</member>
		<member name="M:OnPlayerSpawn" syntax="OnPlayerSpawn(playerid)">
			<stacksize value="1"/>
			<param name="playerid">
			</param>
		</member>
		<member name="M:OnPlayerStateChange" syntax="OnPlayerStateChange(playerid, newstate, oldstate)">
			<stacksize value="1"/>
			<param name="playerid">
			</param>
			<param name="newstate">
			</param>
			<param name="oldstate">
			</param>
		</member>
		<member name="M:OnPlayerStreamIn" syntax="OnPlayerStreamIn(playerid, forplayerid)">
			<stacksize value="1"/>
			<param name="playerid">
			</param>
			<param name="forplayerid">
			</param>
		</member>
		<member name="M:OnPlayerStreamOut" syntax="OnPlayerStreamOut(playerid, forplayerid)">
			<stacksize value="1"/>
			<param name="playerid">
			</param>
			<param name="forplayerid">
			</param>
		</member>
		<member name="M:OnPlayerTakeDamage" syntax="OnPlayerTakeDamage(playerid, issuerid, amount, weaponid, bodypart)">
			<stacksize value="1"/>
			<param name="playerid">
			</param>
			<param name="issuerid">
			</param>
			<param name="amount">
				<paraminfo>Float </paraminfo>
			</param>
			<param name="weaponid">
			</param>
			<param name="bodypart">
			</param>
		</member>
		<member name="M:OnPlayerText" syntax="OnPlayerText(playerid, text[])">
			<stacksize value="1"/>
			<param name="playerid">
			</param>
			<param name="text">
				<paraminfo> [] </paraminfo>
			</param>
		</member>
		<member name="M:OnPlayerUpdate" syntax="OnPlayerUpdate(playerid)">
			<stacksize value="1"/>
			<param name="playerid">
			</param>
		</member>
		<member name="M:OnPlayerWeaponShot" syntax="OnPlayerWeaponShot(playerid, weaponid, hittype, hitid, fX, fY, fZ)">
			<stacksize value="1"/>
			<param name="playerid">
			</param>
			<param name="weaponid">
			</param>
			<param name="hittype">
			</param>
			<param name="hitid">
			</param>
			<param name="fX">
				<paraminfo>Float </paraminfo>
			</param>
			<param name="fY">
				<paraminfo>Float </paraminfo>
			</param>
			<param name="fZ">
				<paraminfo>Float </paraminfo>
			</param>
		</member>
		<member name="M:OnRconCommand" syntax="OnRconCommand(cmd[])">
			<stacksize value="1"/>
			<param name="cmd">
				<paraminfo> [] </paraminfo>
			</param>
		</member>
		<member name="M:OnRconLoginAttempt" syntax="OnRconLoginAttempt(ip[], password[], success)">
			<stacksize value="1"/>
			<param name="ip">
				<paraminfo> [] </paraminfo>
			</param>
			<param name="password">
				<paraminfo> [] </paraminfo>
			</param>
			<param name="success">
			</param>
		</member>
		<member name="M:OnTrailerUpdate" syntax="OnTrailerUpdate(playerid, vehicleid)">
			<stacksize value="1"/>
			<param name="playerid">
			</param>
			<param name="vehicleid">
			</param>
		</member>
		<member name="M:OnUnoccupiedVehicleUpdate" syntax="OnUnoccupiedVehicleUpdate(vehicleid, playerid, passenger_seat, new_x, new_y, new_z, vel_x, vel_y, vel_z)">
			<stacksize value="1"/>
			<param name="vehicleid">
			</param>
			<param name="playerid">
			</param>
			<param name="passenger_seat">
			</param>
			<param name="new_x">
				<paraminfo>Float </paraminfo>
			</param>
			<param name="new_y">
				<paraminfo>Float </paraminfo>
			</param>
			<param name="new_z">
				<paraminfo>Float </paraminfo>
			</param>
			<param name="vel_x">
				<paraminfo>Float </paraminfo>
			</param>
			<param name="vel_y">
				<paraminfo>Float </paraminfo>
			</param>
			<param name="vel_z">
				<paraminfo>Float </paraminfo>
			</param>
		</member>
		<member name="M:OnVehicleDamageStatusUpdate" syntax="OnVehicleDamageStatusUpdate(vehicleid, playerid)">
			<stacksize value="1"/>
			<param name="vehicleid">
			</param>
			<param name="playerid">
			</param>
		</member>
		<member name="M:OnVehicleDeath" syntax="OnVehicleDeath(vehicleid, killerid)">
			<stacksize value="1"/>
			<param name="vehicleid">
			</param>
			<param name="killerid">
			</param>
		</member>
		<member name="M:OnVehicleMod" syntax="OnVehicleMod(playerid, vehicleid, componentid)">
			<stacksize value="1"/>
			<param name="playerid">
			</param>
			<param name="vehicleid">
			</param>
			<param name="componentid">
			</param>
		</member>
		<member name="M:OnVehiclePaintjob" syntax="OnVehiclePaintjob(playerid, vehicleid, paintjobid)">
			<stacksize value="1"/>
			<param name="playerid">
			</param>
			<param name="vehicleid">
			</param>
			<param name="paintjobid">
			</param>
		</member>
		<member name="M:OnVehicleRespray" syntax="OnVehicleRespray(playerid, vehicleid, color1, color2)">
			<stacksize value="1"/>
			<param name="playerid">
			</param>
			<param name="vehicleid">
			</param>
			<param name="color1">
			</param>
			<param name="color2">
			</param>
		</member>
		<member name="M:OnVehicleSirenStateChange" syntax="OnVehicleSirenStateChange(playerid, vehicleid, newstate)">
			<stacksize value="1"/>
			<param name="playerid">
			</param>
			<param name="vehicleid">
			</param>
			<param name="newstate">
			</param>
		</member>
		<member name="M:OnVehicleSpawn" syntax="OnVehicleSpawn(vehicleid)">
			<stacksize value="1"/>
			<param name="vehicleid">
			</param>
		</member>
		<member name="M:OnVehicleStreamIn" syntax="OnVehicleStreamIn(vehicleid, forplayerid)">
			<stacksize value="1"/>
			<param name="vehicleid">
			</param>
			<param name="forplayerid">
			</param>
		</member>
		<member name="M:OnVehicleStreamOut" syntax="OnVehicleStreamOut(vehicleid, forplayerid)">
			<stacksize value="1"/>
			<param name="vehicleid">
			</param>
			<param name="forplayerid">
			</param>
		</member>
		<member name="M:PlayAudioStreamForPlayer" syntax="PlayAudioStreamForPlayer(playerid, url[], posX, posY, posZ, distance, usepos)">
			<attribute name="native"/>
			<referrer name="TransMission"/>
			<param name="playerid">
			</param>
			<param name="url">
				<paraminfo> [] </paraminfo>
			</param>
			<param name="posX">
				<paraminfo>Float </paraminfo>
			</param>
			<param name="posY">
				<paraminfo>Float </paraminfo>
			</param>
			<param name="posZ">
				<paraminfo>Float </paraminfo>
			</param>
			<param name="distance">
				<paraminfo>Float </paraminfo>
			</param>
			<param name="usepos">
			</param>
		</member>
		<member name="M:SendClientMessageToAll" syntax="SendClientMessageToAll(color, message[])">
			<attribute name="native"/>
			<referrer name="TransMission"/>
			<referrer name="Iter_OnPlayerConnect"/>
			<param name="color">
			</param>
			<param name="message">
				<paraminfo> [] </paraminfo>
			</param>
		</member>
		<member name="M:SetPlayerCheckpoint" syntax="SetPlayerCheckpoint(playerid, x, y, z, size)">
			<attribute name="native"/>
			<referrer name="TransMission"/>
			<param name="playerid">
			</param>
			<param name="x">
				<paraminfo>Float </paraminfo>
			</param>
			<param name="y">
				<paraminfo>Float </paraminfo>
			</param>
			<param name="z">
				<paraminfo>Float </paraminfo>
			</param>
			<param name="size">
				<paraminfo>Float </paraminfo>
			</param>
		</member>
		<member name="M:SetTimer" syntax="SetTimer(funcname[], interval, repeating)">
			<attribute name="native"/>
			<referrer name="Iter_OnFilterScriptInit"/>
			<param name="funcname">
				<paraminfo> [] </paraminfo>
			</param>
			<param name="interval">
			</param>
			<param name="repeating">
			</param>
		</member>
		<member name="M:SetTimerEx" syntax="SetTimerEx(funcname[], interval, repeating, format[], ...)">
			<attribute name="native"/>
			<referrer name="OnPlayerDisconnect"/>
			<param name="funcname">
				<paraminfo> [] </paraminfo>
			</param>
			<param name="interval">
			</param>
			<param name="repeating">
			</param>
			<param name="format">
				<paraminfo> [] </paraminfo>
			</param>
			<param name="...">
				<paraminfo> {Float,_} </paraminfo>
			</param>
		</member>
		<member name="M:Streamer_OnPluginError" syntax="Streamer_OnPluginError(error[])">
			<stacksize value="1"/>
			<param name="error">
				<paraminfo> [] </paraminfo>
			</param>
		</member>
		<member name="M:TransMission" syntax="TransMission(playerid)">
			<attribute name="public"/>
			<stacksize value="10"/>
			<dependency name="COUNTER"/>
			<dependency name="PlayAudioStreamForPlayer"/>
			<dependency name="Player@YSII_Ag"/>
			<dependency name="SendClientMessageToAll"/>
			<dependency name="SetPlayerCheckpoint"/>
			<param name="playerid">
			</param>
		</member>
		<member name="M:float" syntax="float(value)">
			<tagname value="Float"/>
			<attribute name="native"/>
			<referrer name="operator*(Float:,_:)"/>
			<referrer name="operator/(Float:,_:)"/>
			<referrer name="operator/(_:,Float:)"/>
			<referrer name="operator+(Float:,_:)"/>
			<referrer name="operator-(Float:,_:)"/>
			<referrer name="operator-(_:,Float:)"/>
			<referrer name="operator==(Float:,_:)"/>
			<referrer name="operator!=(Float:,_:)"/>
			<referrer name="operator&gt;(Float:,_:)"/>
			<referrer name="operator&gt;(_:,Float:)"/>
			<referrer name="operator&gt;=(Float:,_:)"/>
			<referrer name="operator&gt;=(_:,Float:)"/>
			<referrer name="operator&lt;(Float:,_:)"/>
			<referrer name="operator&lt;(_:,Float:)"/>
			<referrer name="operator&lt;=(Float:,_:)"/>
			<referrer name="operator&lt;=(_:,Float:)"/>
			<param name="value">
			</param>
		</member>
		<member name="M:floatadd" syntax="floatadd(oper1, oper2)">
			<tagname value="Float"/>
			<attribute name="native"/>
			<referrer name="operator+(Float:,_:)"/>
			<param name="oper1">
				<paraminfo>Float </paraminfo>
			</param>
			<param name="oper2">
				<paraminfo>Float </paraminfo>
			</param>
		</member>
		<member name="M:floatcmp" syntax="floatcmp(oper1, oper2)">
			<attribute name="native"/>
			<referrer name="operator==(Float:,Float:)"/>
			<referrer name="operator==(Float:,_:)"/>
			<referrer name="operator!=(Float:,Float:)"/>
			<referrer name="operator!=(Float:,_:)"/>
			<referrer name="operator&gt;(Float:,Float:)"/>
			<referrer name="operator&gt;(Float:,_:)"/>
			<referrer name="operator&gt;(_:,Float:)"/>
			<referrer name="operator&gt;=(Float:,Float:)"/>
			<referrer name="operator&gt;=(Float:,_:)"/>
			<referrer name="operator&gt;=(_:,Float:)"/>
			<referrer name="operator&lt;(Float:,Float:)"/>
			<referrer name="operator&lt;(Float:,_:)"/>
			<referrer name="operator&lt;(_:,Float:)"/>
			<referrer name="operator&lt;=(Float:,Float:)"/>
			<referrer name="operator&lt;=(Float:,_:)"/>
			<referrer name="operator&lt;=(_:,Float:)"/>
			<param name="oper1">
				<paraminfo>Float </paraminfo>
			</param>
			<param name="oper2">
				<paraminfo>Float </paraminfo>
			</param>
		</member>
		<member name="M:floatdiv" syntax="floatdiv(dividend, divisor)">
			<tagname value="Float"/>
			<attribute name="native"/>
			<referrer name="operator/(Float:,_:)"/>
			<referrer name="operator/(_:,Float:)"/>
			<param name="dividend">
				<paraminfo>Float </paraminfo>
			</param>
			<param name="divisor">
				<paraminfo>Float </paraminfo>
			</param>
		</member>
		<member name="M:floatmul" syntax="floatmul(oper1, oper2)">
			<tagname value="Float"/>
			<attribute name="native"/>
			<referrer name="operator*(Float:,_:)"/>
			<param name="oper1">
				<paraminfo>Float </paraminfo>
			</param>
			<param name="oper2">
				<paraminfo>Float </paraminfo>
			</param>
		</member>
		<member name="M:floatsub" syntax="floatsub(oper1, oper2)">
			<tagname value="Float"/>
			<attribute name="native"/>
			<referrer name="operator-(Float:,_:)"/>
			<referrer name="operator-(_:,Float:)"/>
			<param name="oper1">
				<paraminfo>Float </paraminfo>
			</param>
			<param name="oper2">
				<paraminfo>Float </paraminfo>
			</param>
		</member>
		<member name="M:funcidx" syntax="funcidx(name[])">
			<attribute name="native"/>
			<referrer name="OnFilterScriptInit"/>
			<referrer name="OnGameModeInit"/>
			<param name="name">
				<paraminfo> [] </paraminfo>
			</param>
		</member>
		<member name="M:print" syntax="print(string[])">
			<attribute name="native"/>
			<referrer name="Iter_OnFilterScriptInit"/>
			<param name="string">
				<paraminfo> [] </paraminfo>
			</param>
		</member>
		<member name="M:random" syntax="random(max)">
			<attribute name="native"/>
			<referrer name="Iter_RandomInternal"/>
			<param name="max">
			</param>
		</member>

	</members>
</doc>
